t,x,y,v,g,th,br,dist
4550.512,1060.8449,-592.4508,312.0222,8.0,99.0,0.0,0.0682
4550.685,1201.0,-535.0,312.9833,8.0,99.0,0.0,15.1425
4550.688,1204.1957,-533.6788,313.0,8.0,99.0,0.0,15.4044
4550.925,1492.0,-414.0,314.975,8.0,99.0,0.0,36.1419
4550.928,1494.8991,-412.7898,315.0,8.0,99.0,0.0,36.4044
4551.088,1602.0404,-367.8724,315.0,8.0,99.0,0.0,50.4044
4551.248,1666.2399,-340.6506,315.0,8.0,99.0,0.0,64.4044
4551.305,1701.0,-326.0,315.285,8.0,99.0,0.0,69.4022
4551.448,1815.2301,-278.0044,316.0,8.0,99.0,0.0,81.96
4551.504,1863.0,-258.0,316.0,8.0,99.0,0.0,86.8783
4551.648,1982.116,-208.319,316.0,8.0,99.0,0.0,99.5156
4551.744,2057.0,-177.0,315.7,8.0,99.3,0.0,107.9201
4551.968,2233.3425,-102.9019,315.0,8.0,100.0,0.0,127.5156
4551.984,2250.0,-96.0,315.1,8.0,99.9,0.0,128.9188
4552.128,2429.1758,-22.3367,316.0,8.0,99.0,0.0,141.56
4552.184,2493.0,4.0,315.7667,8.0,99.2333,0.0,146.4692
4552.368,2631.2905,62.356,315.0,8.0,100.0,0.0,162.56
4552.528,2702.692,94.2839,311.0,8.0,0.0,1.0,176.3822
4552.604,2747.0,114.0,301.5,8.0,0.0,1.0,182.6525
4552.728,2834.4665,152.7718,286.0,8.0,0.0,1.0,192.2711
4552.824,2904.0,183.0,267.6,8.0,0.0,1.0,199.0448
4552.968,2997.0092,221.6624,240.0,8.0,0.0,1.0,208.2711
4553.024,3031.0,235.0,232.2,8.0,0.0,1.0,211.6336
4553.184,3124.0,269.0,209.9143,8.0,0.0,1.0,220.5735
4553.248,3159.4243,281.313,201.0,8.0,0.0,1.0,223.9044
4553.504,3290.0,326.0,178.3091,8.0,0.0,1.0,235.8991
4553.688,3370.6702,357.3681,162.0,5.0,0.0,1.0,243.7044
4553.704,3377.0,360.0,161.1136,5.0,0.0,1.0,244.3662
4553.884,3444.0,391.0,151.1413,5.0,0.0,1.0,251.6231
4554.049,3514.051,432.5671,142.0,3.0,0.0,1.0,257.9439
4554.104,3533.0,445.0,139.7083,3.0,0.0,1.0,259.9756
4554.364,3582.0,486.0,128.875,3.0,0.0,1.0,269.1183
4554.409,3590.7828,494.5574,127.0,2.0,0.0,1.0,270.6439
4554.604,3634.0,540.0,121.5156,2.0,0.0,1.0,277.088
4554.729,3658.1472,572.6114,118.0,2.0,0.0,0.0,281.1328
4554.824,3674.0,598.0,117.1094,2.0,0.8906,0.0,284.1833
4554.984,3696.0,643.0,115.6094,2.0,2.3906,0.0,289.285
4555.049,3703.5683,665.889,115.0,2.0,3.0,0.0,291.355
4555.209,3718.8745,735.3683,115.0,2.0,21.0,0.0,296.4661
4555.364,3725.0,802.0,117.1528,2.0,27.8889,0.0,301.5298
4555.569,3716.9571,875.8915,120.0,2.0,37.0,0.0,308.4661
4555.764,3702.0,931.0,124.875,2.0,49.7969,0.0,315.3697
4555.889,3693.4335,958.4766,128.0,3.0,58.0,0.0,319.8439
4556.089,3676.76,1003.4907,131.0,3.0,77.0,0.0,327.1217
4556.104,3675.0,1008.0,132.0714,3.0,77.75,0.0,327.7062
4556.324,3642.0,1089.0,147.7857,3.0,88.75,0.0,336.9403
4556.369,3634.3902,1106.4087,151.0,3.0,91.0,0.0,338.8661
4556.545,3603.0,1175.0,154.52,3.0,98.04,0.0,346.4117
4556.569,3598.5651,1184.615,155.0,4.0,99.0,0.0,347.4772
4556.725,3569.0,1249.0,163.6908,4.0,99.0,0.0,354.7196
4556.928,3529.3049,1338.1701,175.0,4.0,99.0,0.0,364.9286
4556.965,3522.0,1355.0,176.6444,4.0,99.0,0.0,366.8795
4557.565,3400.0,1649.0,203.3111,4.0,99.0,0.0,401.4731
4557.648,3381.9124,1692.1352,207.0,5.0,99.0,0.0,406.3286
4557.808,3345.1689,1776.8655,210.0,5.0,99.0,0.0,415.6619
4557.825,3341.0,1786.0,210.425,5.0,99.0,0.0,416.664
4557.905,3321.0,1829.0,212.425,5.0,99.0,0.0,421.4183
4558.088,3278.7782,1923.2152,217.0,6.0,99.0,0.0,432.5397
4558.164,3257.0,1972.0,220.8,6.0,99.0,0.0,437.2621
4558.248,3227.5586,2037.3159,225.0,6.0,99.0,0.0,442.5397
4558.448,3147.7806,2213.0314,229.0,6.0,99.0,0.0,455.2619
4558.504,3132.0,2248.0,229.56,6.0,99.0,0.0,458.8368
4558.648,3108.7614,2300.3784,231.0,6.0,99.0,0.0,468.0953
4558.824,3085.0,2355.0,237.16,6.0,99.0,0.0,479.7164
4558.848,3079.2019,2368.1075,238.0,6.0,99.0,0.0,481.3175
4559.088,2998.2567,2550.14,242.0,6.0,99.0,0.0,497.4508
4559.104,2993.0,2562.0,242.1143,6.0,99.0,0.0,498.5299
4559.368,2920.2609,2727.4271,244.0,6.0,99.0,0.0,516.4286
4559.524,2884.0,2810.0,245.56,6.0,31.92,0.0,527.1542
4559.568,2874.1358,2832.3562,246.0,6.0,13.0,0.0,530.0953
4559.848,2811.8826,2972.3221,223.0,6.0,0.0,1.0,547.4397
4559.864,2808.0,2981.0,221.32,6.0,0.0,1.0,548.3672
4559.984,2778.0,3048.0,208.72,6.0,0.0,1.0,555.1289
4560.048,2762.7052,3082.3075,202.0,6.0,0.0,1.0,558.6619
4560.288,2711.1881,3198.7789,190.0,6.0,0.0,1.0,571.3286
4560.304,2708.0,3206.0,187.4,6.0,0.0,1.0,572.0835
4560.484,2674.0,3283.0,158.15,6.0,0.0,1.0,579.6933
4560.528,2666.1623,3300.7252,151.0,5.0,0.0,1.0,581.3953
4560.744,2630.0,3382.0,137.5337,5.0,0.0,1.0,589.09
4560.904,2605.0,3437.0,127.5586,5.0,0.0,1.0,594.5577
4560.929,2601.1897,3445.3087,126.0,5.0,0.0,1.0,595.4303
4561.089,2577.3848,3496.7563,126.0,5.0,0.0,1.0,601.0303
4561.184,2564.0,3525.0,120.775,5.0,0.0,1.0,604.1273
4561.289,2549.6927,3554.0148,115.0,3.0,0.0,1.0,607.4192
4561.344,2540.0,3570.0,114.3125,3.0,0.0,1.0,609.1431
4561.529,2491.837,3630.3879,112.0,2.0,0.0,1.0,614.8858
4561.584,2479.0,3645.0,110.625,2.0,0.0,1.0,616.5471
4561.729,2455.9091,3669.6661,107.0,2.0,0.0,1.0,620.8303
4561.889,2436.0869,3678.7187,104.0,2.0,1.0,0.0,625.4525
4561.984,2408.0,3683.0,103.525,2.0,4.8,0.0,628.1833
4562.089,2361.0924,3687.5079,103.0,2.0,9.0,0.0,631.1747
4562.184,2319.0,3690.0,102.4062,2.0,15.2344,0.0,633.8354
4562.409,2270.057,3685.2165,101.0,2.0,30.0,0.0,640.1525
4562.564,2242.0,3676.0,104.875,2.0,37.3194,0.0,644.7769
4562.769,2180.5369,3659.1909,110.0,2.0,47.0,0.0,651.1525
4562.824,2163.0,3654.0,111.8333,2.0,50.4375,0.0,652.8868
4562.904,2138.0,3646.0,114.5,2.0,55.4375,0.0,655.4306
4563.009,2104.7399,3634.5152,118.0,2.0,62.0,0.0,659.0192
4563.185,2047.0,3613.0,130.0273,2.0,73.6264,0.0,665.8923
4563.448,1953.5821,3576.546,148.0,3.0,91.0,0.0,677.0669
4563.465,1947.0,3574.0,148.0,3.0,91.85,0.0,677.7661
4563.608,1890.8716,3552.3417,148.0,3.0,99.0,0.0,683.6447
4563.625,1885.0,3550.0,149.0625,3.0,99.0,0.0,684.3719
4563.805,1827.0,3526.0,160.3125,3.0,99.0,0.0,692.5032
4563.848,1806.0305,3517.7896,163.0,4.0,99.0,0.0,694.5114
4564.065,1666.0,3465.0,172.9458,4.0,99.0,0.0,704.9543
4564.088,1652.3119,3459.8945,174.0,4.0,99.0,0.0,706.1114
4564.288,1551.9222,3422.762,189.0,5.0,99.0,0.0,716.6114
4564.465,1476.0,3395.0,195.3917,5.0,99.0,0.0,726.3548
4564.648,1399.5451,3367.2013,202.0,5.0,99.0,0.0,736.8114
4564.924,1270.0,3320.0,213.8286,5.0,99.0,0.0,753.2148
4564.928,1267.7819,3319.1863,214.0,5.0,99.0,0.0,753.4558
4565.024,1213.0,3299.0,216.88,5.0,99.0,0.0,759.2605
4565.128,1157.9806,3278.2667,220.0,6.0,99.0,0.0,765.6781
4565.244,1086.0,3251.0,226.96,6.0,99.0,0.0,773.1057
4565.328,1014.0978,3224.1001,232.0,6.0,99.0,0.0,778.5669
4565.464,893.0,3179.0,234.55,6.0,99.0,0.0,787.4357
4565.488,876.5119,3172.8523,235.0,6.0,99.0,0.0,789.0114
4565.808,740.5245,3122.084,242.0,7.0,99.0,0.0,810.5225
4565.844,716.0,3113.0,243.95,7.0,99.0,0.0,813.0273
4566.048,519.9306,3040.4732,255.0,7.0,99.0,0.0,827.5225
4566.104,465.0,3020.0,256.68,7.0,99.0,0.0,831.554
4566.248,339.1238,2972.543,261.0,7.0,99.0,0.0,842.0225
4566.488,175.6166,2909.787,267.0,7.0,99.0,0.0,859.8225
4566.564,134.0,2894.0,267.95,7.0,99.0,0.0,865.4867
4566.648,93.528,2878.8231,269.0,7.0,99.0,0.0,871.7781
4566.888,-7.5287,2841.649,275.0,7.0,99.0,0.0,890.1114
4566.964,-52.0,2825.0,277.0848,7.0,99.0,0.0,896.0421
4567.164,-198.0,2770.0,282.5711,7.0,99.0,0.0,911.9273
4567.289,-285.955,2737.5985,286.0,8.0,99.0,0.0,921.9686
4567.324,-317.0,2726.0,286.75,8.0,99.0,0.0,924.7912
4567.524,-543.0,2640.0,291.0357,8.0,99.0,0.0,941.0106
4567.569,-580.4964,2625.6916,292.0,8.0,99.0,0.0,944.6797
4567.844,-711.0,2575.0,295.4375,8.0,99.0,0.0,967.2638
4567.889,-740.4455,2563.1315,296.0,8.0,99.0,0.0,970.9908
4568.049,-867.9632,2511.0008,300.0,8.0,99.0,0.0,984.3242
4568.064,-880.0,2506.0,300.2143,8.0,99.0,0.0,985.5816
4568.329,-1084.5265,2418.9362,304.0,8.0,99.0,0.0,1007.9686
4568.344,-1096.0,2414.0,304.1071,8.0,99.0,0.0,1009.2402
4568.524,-1235.0,2354.0,305.3929,8.0,99.0,0.0,1024.5225
4568.609,-1302.6292,2324.5754,306.0,8.0,99.0,0.0,1031.7686
4568.744,-1407.0,2279.0,307.2273,8.0,99.0,0.0,1043.3272
4569.004,-1612.0,2190.0,309.5909,8.0,99.0,0.0,1065.7551
4569.049,-1670.4435,2164.798,310.0,8.0,99.0,0.0,1069.6575
4569.204,-1893.0,2069.0,311.9375,8.0,99.0,0.0,1083.1452
4569.369,-2009.7972,2018.8236,314.0,8.0,99.0,0.0,1097.5686
4569.544,-2086.0,1986.0,315.4583,8.0,99.0,0.0,1112.9227
4569.609,-2130.9513,1966.5486,316.0,8.0,99.0,0.0,1118.6353
4569.785,-2280.0,1902.0,316.88,8.0,99.0,0.0,1134.1278
4569.809,-2300.0213,1893.3422,317.0,8.0,99.0,0.0,1136.2464
4569.965,-2426.0,1839.0,318.0661,8.0,99.0,0.0,1150.0616
4570.205,-2622.0,1755.0,319.7061,8.0,99.0,0.0,1171.4326
4570.248,-2663.5255,1737.1383,320.0,8.0,99.0,0.0,1175.2686
4570.465,-2884.0,1642.0,321.3562,8.0,99.0,0.0,1194.6581
4570.568,-2962.5506,1608.064,322.0,8.0,99.0,0.0,1203.8908
4570.825,-3131.0,1535.0,323.6062,8.0,99.0,0.0,1227.0182
4570.888,-3188.7625,1509.8402,324.0,8.0,99.0,0.0,1232.6908
4571.065,-3378.0,1427.0,324.0,8.0,99.0,0.0,1248.6173
4571.208,-3533.7167,1357.9024,324.0,8.0,99.0,0.0,1261.4908
4571.504,-3806.0,1236.0,324.8222,8.0,99.0,0.0,1288.2017
4571.568,-3841.9923,1220.073,325.0,8.0,99.0,0.0,1293.9908
4571.848,-3974.2125,1162.1301,326.0,8.0,99.0,0.0,1319.3464
4571.864,-3988.0,1156.0,325.9,8.0,99.0,0.0,1320.792
4572.008,-4151.5419,1082.9644,325.0,8.0,99.0,0.0,1333.7908
4572.104,-4268.0,1031.0,324.2,8.0,99.0,0.0,1342.4754
4572.248,-4417.9843,964.4754,323.0,8.0,99.0,0.0,1355.3242
4572.424,-4555.0,904.0,307.16,8.0,62.92,0.0,1370.2817
4572.448,-4569.1284,897.7528,305.0,8.0,58.0,1.0,1372.2686
4572.608,-4635.3265,868.3861,289.0,8.0,0.0,1.0,1385.1131
4572.824,-4737.0,823.0,261.325,8.0,0.0,1.0,1400.4268
4572.928,-4828.5211,782.1873,248.0,8.0,0.0,1.0,1407.1575
4573.064,-4950.0,728.0,230.5143,8.0,0.0,1.0,1415.4823
4573.208,-5018.6675,697.2849,212.0,8.0,0.0,1.0,1423.6464
4573.448,-5081.8995,668.6595,180.0,8.0,0.0,1.0,1435.6464
4573.464,-5090.0,665.0,178.5545,8.0,0.0,1.0,1436.3798
4573.764,-5287.0,576.0,151.4517,8.0,0.0,1.0,1448.9123
4573.769,-5289.0016,575.0902,151.0,5.0,0.0,1.0,1449.1106
4574.009,-5326.3497,557.3376,138.0,3.0,0.0,1.0,1458.3106
4574.024,-5329.0,556.0,137.1875,3.0,0.0,1.0,1458.8565
4574.249,-5397.1483,521.346,125.0,2.0,0.0,1.0,1466.6439
4574.324,-5421.0,508.0,122.0,2.0,0.0,1.0,1469.1281
4574.449,-5455.0103,486.565,117.0,2.0,0.0,1.0,1473.1439
4574.544,-5478.0,470.0,113.8333,2.0,0.0,1.0,1476.0695
4574.689,-5510.8678,442.9889,109.0,2.0,0.0,1.0,1480.4106
4574.784,-5530.0,424.0,108.05,2.0,0.0,1.0,1483.2519
4574.889,-5548.299,401.7149,107.0,2.0,0.0,0.0,1486.355
4575.024,-5567.0,371.0,104.3,2.0,2.7,0.0,1490.229
4575.089,-5573.8534,355.3536,103.0,2.0,4.0,0.0,1492.0772
4575.164,-5580.0,337.0,103.0,2.0,8.9219,0.0,1494.2108
4575.344,-5586.0,290.0,103.0,2.0,20.7344,0.0,1499.3516
4575.409,-5583.9398,267.4787,103.0,2.0,25.0,0.0,1501.2328
4575.624,-5564.0,180.0,106.5833,2.0,35.75,0.0,1507.5991
4575.649,-5561.0907,170.7674,107.0,2.0,37.0,0.0,1508.3661
4575.969,-5516.4542,70.8318,117.0,2.0,48.0,0.0,1518.7661
4576.004,-5511.0,60.0,118.25,2.0,49.625,0.0,1519.9635
4576.249,-5470.3889,-19.8523,127.0,2.0,61.0,0.0,1528.6439
4576.445,-5442.0,-74.0,132.4444,2.0,76.2444,0.0,1535.9124
4576.609,-5425.115,-104.2468,137.0,3.0,89.0,0.0,1542.3439
4576.809,-5399.943,-159.651,151.0,3.0,99.0,0.0,1550.7328
4576.865,-5387.0,-193.0,152.8065,3.0,99.0,0.0,1553.1636
4577.025,-5341.0,-317.0,157.9677,3.0,99.0,0.0,1560.2781
4577.088,-5327.5578,-354.4638,160.0,4.0,99.0,0.0,1563.1328
4577.248,-5311.2568,-404.2425,167.0,4.0,99.0,0.0,1570.555
4577.448,-5299.7528,-447.6318,179.0,4.0,99.0,0.0,1580.4994
4577.505,-5292.0,-473.0,180.6625,4.0,99.0,0.0,1583.4111
4577.685,-5258.0,-579.0,185.9125,4.0,99.0,0.0,1592.7428
4577.688,-5257.4526,-580.622,186.0,4.0,99.0,0.0,1592.8994
4577.848,-5231.952,-650.8644,189.0,5.0,99.0,0.0,1601.2994
4577.964,-5213.0,-698.0,191.175,5.0,99.0,0.0,1607.4496
4578.008,-5204.8763,-717.7405,192.0,5.0,99.0,0.0,1609.8328
4578.248,-5152.925,-839.7733,203.0,5.0,99.0,0.0,1623.3661
4578.304,-5140.0,-869.0,203.7,5.0,76.25,0.0,1626.5484
4578.408,-5115.5951,-922.9839,205.0,5.0,34.0,0.0,1632.4772
4578.504,-5093.0,-972.0,205.0,5.0,17.68,0.0,1638.0256
4578.608,-5068.8469,-1023.7394,205.0,5.0,0.0,1.0,1643.8661
4578.704,-5047.0,-1070.0,193.48,5.0,0.0,1.0,1648.8466
4578.808,-5023.9779,-1118.2418,181.0,5.0,0.0,1.0,1653.9217
4578.884,-5008.0,-1152.0,175.3,5.0,0.0,1.0,1657.5081
4579.048,-4976.8755,-1219.9866,163.0,5.0,0.0,1.0,1664.7883
4579.164,-4957.0,-1265.0,152.4875,5.0,0.0,1.0,1669.4154
4579.344,-4929.0,-1331.0,136.175,5.0,0.0,1.0,1675.8786
4579.368,-4925.5732,-1339.4547,134.0,3.0,0.0,1.0,1676.6994
4579.584,-4898.0,-1412.0,122.6,3.0,0.0,1.0,1683.6883
4579.728,-4882.5701,-1457.1018,115.0,2.0,0.0,1.0,1688.1994
4579.744,-4881.0,-1462.0,114.8,2.0,0.0,1.0,1688.7026
4579.968,-4862.2993,-1528.6267,112.0,2.0,0.0,1.0,1695.6661
4580.004,-4860.0,-1539.0,110.9091,2.0,0.0,1.0,1696.7282
4580.524,-4851.0,-1677.0,95.1515,2.0,0.0,1.0,1710.3462
4580.529,-4851.1369,-1678.1876,95.0,2.0,0.0,1.0,1710.4703
4580.724,-4862.0,-1724.0,90.7344,2.0,3.0469,1.0,1715.2631
4580.849,-4879.8553,-1757.1339,88.0,2.0,5.0,0.0,1718.2925
4581.084,-4924.0,-1815.0,87.0208,2.0,25.5625,0.0,1723.9686
4581.089,-4924.7736,-1815.8641,87.0,2.0,26.0,0.0,1724.0925
4581.404,-4969.0,-1850.0,92.5125,2.0,36.2375,0.0,1732.2573
4581.489,-4988.2015,-1861.914,94.0,2.0,39.0,0.0,1734.5369
4581.564,-5007.0,-1873.0,95.875,2.0,40.875,0.0,1736.5664
4581.689,-5038.9125,-1889.8332,99.0,2.0,44.0,0.0,1740.0369
4581.784,-5064.0,-1902.0,102.7321,2.0,47.7321,0.0,1742.809
4581.969,-5115.7106,-1925.584,110.0,2.0,55.0,0.0,1748.5925
4582.004,-5126.0,-1930.0,111.9688,2.0,57.4063,0.0,1749.7543
4582.204,-5188.0,-1955.0,123.2188,2.0,71.1563,0.0,1756.7994
4582.289,-5215.7986,-1965.7068,128.0,2.0,77.0,0.0,1759.9703
4582.484,-5284.0,-1991.0,137.2083,2.0,88.9167,0.0,1767.6095
4582.649,-5346.0226,-2013.1796,145.0,3.0,99.0,0.0,1774.4703
4582.664,-5351.0,-2015.0,145.8036,3.0,99.0,0.0,1775.112
4582.865,-5409.0,-2037.0,156.5714,3.0,99.0,0.0,1783.9924
4582.929,-5431.7617,-2045.378,160.0,3.0,99.0,0.0,1786.9147
4583.065,-5494.0,-2069.0,165.2889,3.0,99.0,0.0,1793.2641
4583.289,-5637.3983,-2129.9765,174.0,4.0,99.0,0.0,1804.3147
4583.325,-5656.0,-2138.0,175.9681,4.0,99.0,0.0,1806.1888
4583.625,-5752.0,-2180.0,192.369,4.0,99.0,0.0,1822.7134
4583.728,-5800.6852,-2202.6598,198.0,5.0,99.0,0.0,1828.4597
4583.785,-5830.0,-2216.0,198.6107,5.0,99.0,0.0,1831.6244
4584.005,-5943.0,-2264.0,200.9679,5.0,99.0,0.0,1843.9208
4584.008,-5944.5642,-2264.6515,201.0,5.0,99.0,0.0,1844.0931
4584.305,-6104.0,-2331.0,212.55,5.0,99.0,0.0,1861.77
4584.368,-6139.0022,-2345.6365,215.0,5.0,99.0,0.0,1865.5931
4584.504,-6215.0,-2378.0,217.8333,5.0,99.0,0.0,1873.8762
4584.608,-6272.111,-2403.5774,220.0,6.0,99.0,0.0,1880.2597
4584.664,-6303.0,-2418.0,221.0,6.0,99.0,0.0,1883.721
4584.824,-6392.0,-2462.0,223.8571,6.0,99.0,0.0,1893.7103
4584.888,-6426.3137,-2479.9136,225.0,6.0,99.0,0.0,1897.7597
4585.044,-6515.0,-2529.0,229.68,6.0,99.0,0.0,1907.7574
4585.088,-6545.1853,-2546.4435,231.0,6.0,99.0,0.0,1910.5931
4585.248,-6674.1901,-2623.144,233.0,6.0,99.0,0.0,1920.9486
4585.384,-6772.0,-2682.0,235.8333,6.0,99.0,0.0,1929.8886
4585.488,-6827.7039,-2715.5783,238.0,6.0,99.0,0.0,1936.8153
4585.768,-6937.6963,-2781.5783,241.0,6.0,99.0,0.0,1955.5597
4585.804,-6957.0,-2793.0,238.12,6.0,81.18,0.0,1957.8853
4585.964,-7056.0,-2851.0,225.32,6.0,1.98,0.0,1967.8223
4585.968,-7058.3788,-2852.3681,225.0,6.0,0.0,1.0,1968.0597
4586.128,-7143.8347,-2900.2119,203.0,6.0,0.0,1.0,1977.0819
4586.184,-7171.0,-2915.0,198.45,6.0,0.0,1.0,1980.0213
4586.404,-7275.0,-2971.0,180.575,6.0,0.0,1.0,1990.7154
4586.448,-7298.7273,-2984.1953,177.0,6.0,0.0,1.0,1992.8153
4586.608,-7390.0888,-3036.3639,170.0,6.0,0.0,1.0,2000.3708
4586.664,-7415.0,-3051.0,166.5,6.0,0.0,1.0,2002.8913
4586.848,-7462.7461,-3081.0193,155.0,5.0,0.0,1.0,2010.7042
4586.924,-7479.0,-3092.0,149.8075,5.0,0.0,1.0,2013.792
4587.009,-7499.746,-3106.1077,144.0,3.0,0.0,1.0,2017.1442
4587.169,-7546.3549,-3139.2043,135.0,3.0,0.0,1.0,2023.1442
4587.284,-7587.0,-3175.0,131.3036,3.0,0.0,1.0,2027.2686
4587.449,-7652.1794,-3242.1136,126.0,2.0,0.0,1.0,2032.9442
4587.484,-7663.0,-3254.0,124.6875,2.0,0.0,1.0,2034.1141
4587.689,-7692.1059,-3291.6079,117.0,2.0,0.0,1.0,2040.7442
4587.824,-7702.0,-3311.0,112.7812,2.0,0.0,1.0,2044.9467
4587.849,-7704.4876,-3315.7017,112.0,2.0,0.0,1.0,2045.7219
4588.049,-7729.3431,-3367.4747,111.0,2.0,0.0,1.0,2051.8886
4588.104,-7735.0,-3388.0,109.7778,2.0,0.4583,1.0,2053.5263
4588.284,-7746.0,-3467.0,105.7778,2.0,1.9583,1.0,2058.6774
4588.409,-7745.9669,-3502.4528,103.0,2.0,3.0,0.0,2062.1886
4588.609,-7736.1028,-3532.0726,101.0,2.0,20.0,0.0,2067.7997
4588.644,-7734.0,-3538.0,101.35,2.0,21.05,0.0,2068.788
4588.809,-7722.5863,-3571.2274,103.0,2.0,26.0,0.0,2073.5219
4588.924,-7703.0,-3615.0,105.1563,2.0,16.6562,0.0,2076.9732
4589.044,-7670.0,-3681.0,107.4063,2.0,6.9062,0.0,2080.6633
4589.129,-7654.354,-3712.0425,109.0,2.0,0.0,1.0,2083.2108
4589.405,-7640.0,-3744.0,103.48,2.0,0.0,1.0,2091.043
4589.529,-7628.6865,-3772.2252,101.0,2.0,0.0,0.0,2094.4331
4589.685,-7614.0,-3816.0,98.5625,2.0,0.0,0.0,2098.6343
4589.849,-7607.5671,-3857.6048,96.0,2.0,0.0,0.0,2102.9664
4589.905,-7607.0,-3871.0,95.4,2.0,3.2,0.0,2104.4237
4590.085,-7613.0,-3915.0,93.4714,2.0,13.4857,0.0,2109.0599
4590.129,-7618.6256,-3928.3831,93.0,2.0,16.0,0.0,2110.1997
4590.345,-7662.0,-3999.0,94.8,2.0,23.2,0.0,2115.8844
4590.369,-7666.0937,-4004.5848,95.0,2.0,24.0,0.0,2116.5331
4590.528,-7686.5194,-4026.5842,99.0,2.0,29.0,0.0,2120.9056
4590.688,-7708.7984,-4042.5678,99.0,2.0,35.0,0.0,2125.3056
4590.705,-7712.0,-4045.0,99.425,2.0,35.425,0.0,2125.782
4590.848,-7744.777,-4070.448,103.0,2.0,39.0,0.0,2129.8833
4590.905,-7759.0,-4081.0,104.425,2.0,41.1375,0.0,2131.5621
4591.044,-7794.0,-4105.0,107.9,2.0,46.35,0.0,2135.772
4591.088,-7805.3012,-4112.4436,109.0,2.0,48.0,0.0,2137.15
4591.324,-7871.0,-4154.0,117.1125,2.0,67.175,0.0,2144.924
4591.408,-7898.7993,-4171.0568,120.0,2.0,74.0,0.0,2147.8167
4591.568,-7956.2932,-4206.1284,129.0,3.0,82.0,0.0,2153.55
4591.604,-7969.0,-4214.0,131.88,3.0,84.88,0.0,2154.9271
4591.768,-8025.0381,-4249.4077,145.0,3.0,98.0,0.0,2161.6056
4591.924,-8078.0,-4285.0,151.24,3.0,98.39,0.0,2168.3573
4592.024,-8113.0,-4310.0,155.24,3.0,98.64,0.0,2172.8642
4592.168,-8165.0429,-4348.2479,161.0,4.0,99.0,0.0,2179.4944
4592.304,-8216.0,-4387.0,167.8,4.0,99.0,0.0,2185.902
4592.368,-8240.5856,-4406.2146,171.0,4.0,99.0,0.0,2188.9944
4592.528,-8302.8708,-4456.1435,180.0,4.0,99.0,0.0,2196.9944
4592.604,-8331.0,-4479.0,183.0875,4.0,99.0,0.0,2200.9364
4592.784,-8404.0,-4538.0,190.4,4.0,99.0,0.0,2210.6176
4592.848,-8446.3786,-4571.0756,193.0,5.0,99.0,0.0,2214.15
4593.004,-8562.0,-4660.0,201.58,5.0,99.0,0.0,2222.9474
4593.048,-8583.9425,-4676.7118,204.0,5.0,99.0,0.0,2225.4833
4593.328,-8649.3984,-4724.8402,214.0,5.0,99.0,0.0,2242.1278
4593.344,-8655.0,-4729.0,214.2492,5.0,99.0,0.0,2243.0931
4593.544,-8751.0,-4801.0,217.3645,5.0,99.0,0.0,2255.2373
4593.649,-8802.6353,-4839.9509,219.0,6.0,99.0,0.0,2261.6553
4593.744,-8849.0,-4875.0,220.7813,6.0,99.0,0.0,2267.4832
4593.809,-8881.4341,-4899.5364,222.0,6.0,99.0,0.0,2271.5219
4593.969,-8961.721,-4960.4483,229.0,6.0,99.0,0.0,2281.6997
4593.984,-8969.0,-4966.0,229.1875,6.0,99.0,0.0,2282.6606
4594.144,-9050.0,-5028.0,231.1875,6.0,99.0,0.0,2292.9397
4594.289,-9157.7032,-5110.0964,233.0,6.0,99.0,0.0,2302.4108
4594.464,-9290.0,-5211.0,237.8611,6.0,99.0,0.0,2314.1449
4594.649,-9364.3649,-5268.5352,243.0,6.0,99.0,0.0,2326.7108
4594.809,-9407.0439,-5301.1349,244.0,6.0,99.0,0.0,2337.5553
4594.884,-9441.0,-5326.0,244.9375,6.0,99.0,0.0,2342.6649
4594.944,-9474.0,-5350.0,245.6875,6.0,99.0,0.0,2346.7713
4594.969,-9487.9014,-5360.2824,246.0,6.0,99.0,0.0,2348.4886
4595.129,-9575.6092,-5427.5208,249.0,7.0,99.0,0.0,2359.5553
4595.144,-9584.0,-5434.0,249.125,7.0,99.0,0.0,2360.5969
4595.369,-9715.1015,-5534.9186,251.0,7.0,99.0,0.0,2376.2886
4595.524,-9803.0,-5602.0,252.55,7.0,99.0,0.0,2387.1786
4595.569,-9827.2046,-5620.3457,253.0,7.0,99.0,0.0,2390.3442
4595.809,-9947.2236,-5710.3935,250.0,7.0,0.0,1.0,2407.0108
4595.925,-10003.0,-5752.0,239.3667,7.0,0.0,1.0,2414.5577
4596.049,-10062.3221,-5796.2095,228.0,7.0,0.0,1.0,2422.2108
4596.125,-10102.0,-5826.0,220.0833,7.0,0.0,1.0,2426.7041
4596.289,-10197.4669,-5898.5465,203.0,7.0,0.0,1.0,2435.7442
4596.325,-10215.0,-5912.0,198.9,7.0,0.0,1.0,2437.5669
4596.605,-10297.0,-5977.0,167.0111,7.0,0.0,1.0,2450.0816
4596.649,-10309.6403,-5987.3634,162.0,6.0,0.0,1.0,2451.9442
4596.889,-10387.2426,-6051.2932,145.0,3.0,0.0,1.0,2461.6108
4596.925,-10398.0,-6060.0,140.05,3.0,0.0,1.0,2462.8654
4597.045,-10432.0,-6087.0,123.55,3.0,0.0,1.0,2466.6174
4597.129,-10458.0063,-6107.05,112.0,3.0,0.0,1.0,2469.0775
4597.328,-10524.9151,-6156.3759,101.0,3.0,0.0,1.0,2474.6606
4597.385,-10542.0,-6168.0,98.435,3.0,0.0,1.0,2476.1645
4597.528,-10579.2214,-6190.9048,92.0,2.0,0.0,1.0,2479.7717
4597.784,-10626.0,-6215.0,87.7333,2.0,0.0,1.0,2485.8878
4598.008,-10649.1393,-6227.1217,84.0,1.0,0.0,1.0,2490.9717
4598.104,-10666.0,-6231.0,81.6,1.0,0.0,1.0,2493.0937
4598.248,-10706.9157,-6236.0721,78.0,1.0,0.0,0.0,2496.1717
4598.364,-10739.0,-6238.0,75.4625,1.0,2.9,0.0,2498.5106
4598.568,-10767.5348,-6234.0016,71.0,1.0,8.0,0.0,2502.4828
4598.744,-10785.0,-6222.0,72.1,1.0,16.8,0.0,2506.0172
4598.888,-10807.2445,-6205.7029,73.0,1.0,24.0,0.0,2508.9717
4599.004,-10826.0,-6189.0,74.6571,1.0,24.4143,0.0,2511.3822
4599.124,-10843.0,-6169.0,76.3714,1.0,24.8429,0.0,2513.9628
4599.168,-10848.9187,-6161.1363,77.0,1.0,25.0,0.0,2514.9606
4600.008,-10942.3226,-5964.3781,102.0,2.0,57.0,0.0,2538.7606
4600.084,-10950.0,-5943.0,106.8683,2.0,62.9502,0.0,2541.2138
4600.289,-10971.009,-5881.1781,120.0,2.0,79.0,0.0,2548.1272
4600.324,-10975.0,-5869.0,121.875,2.0,80.875,0.0,2549.375
4600.569,-11005.9878,-5771.8546,135.0,3.0,94.0,0.0,2558.6272
4600.604,-11010.0,-5759.0,136.9688,3.0,95.0938,0.0,2560.0056
4600.729,-11022.587,-5718.048,144.0,3.0,99.0,0.0,2565.0272
4600.889,-11036.3206,-5671.6877,149.0,3.0,99.0,0.0,2571.6494
4601.024,-11054.0,-5611.0,152.375,3.0,99.0,0.0,2577.3926
4601.169,-11078.8343,-5525.4443,156.0,3.0,99.0,0.0,2583.7828
4601.184,-11081.0,-5518.0,156.75,3.0,99.0,0.0,2584.4611
4601.409,-11102.4687,-5445.1723,168.0,4.0,99.0,0.0,2594.9828
4601.444,-11107.0,-5430.0,168.9844,4.0,99.0,0.0,2596.6643
4601.729,-11163.2527,-5242.9582,177.0,4.0,99.0,0.0,2610.7161
4601.744,-11166.0,-5234.0,177.2917,4.0,99.0,0.0,2611.4696
4601.984,-11202.0,-5119.0,181.9583,4.0,99.0,0.0,2623.6913
4602.064,-11214.0,-5080.0,183.5139,4.0,99.0,0.0,2627.8208
4602.089,-11218.4837,-5065.2564,184.0,4.0,99.0,0.0,2629.1161
4602.364,-11280.0,-4860.0,187.4375,4.0,80.0937,0.0,2643.4788
4602.409,-11286.5682,-4838.0032,188.0,4.0,77.0,0.0,2645.8272
4602.649,-11303.7849,-4779.8862,185.0,4.0,0.0,1.0,2658.1606
4602.705,-11309.0,-4762.0,181.0333,4.0,0.0,1.0,2660.9059
4602.889,-11332.9295,-4679.9895,168.0,4.0,0.0,1.0,2669.3606
4602.905,-11335.0,-4673.0,166.2,4.0,0.0,1.0,2670.0381
4603.129,-11361.8458,-4584.9535,141.0,3.0,0.0,1.0,2678.7606
4603.145,-11364.0,-4578.0,140.7,3.0,0.0,1.0,2679.3662
4603.425,-11405.0,-4447.0,135.45,3.0,0.0,1.0,2689.8721
4603.449,-11407.6039,-4438.8991,135.0,3.0,0.0,1.0,2690.7606
4603.609,-11420.2504,-4402.9142,132.0,3.0,0.0,0.0,2696.6272
4603.705,-11432.0,-4385.0,130.8,3.0,2.4,0.0,2700.0981
4603.849,-11461.4423,-4355.0782,129.0,3.0,6.0,0.0,2705.2272
4603.905,-11476.0,-4344.0,128.4372,3.0,14.1608,0.0,2707.1937
4604.048,-11520.0033,-4319.4157,127.0,3.0,35.0,0.0,2712.2475
4604.264,-11603.0,-4286.0,134.425,3.0,50.525,0.0,2720.4476
4604.368,-11648.8418,-4267.7846,138.0,3.0,58.0,0.0,2724.5142
4604.484,-11697.0,-4249.0,140.0714,3.0,57.5857,0.0,2729.0744
4604.648,-11746.7723,-4231.2426,143.0,3.0,57.0,0.0,2735.6364
4604.724,-11773.0,-4224.0,144.9,3.0,40.2167,0.0,2738.7596
4604.888,-11850.3564,-4207.1466,149.0,3.0,4.0,1.0,2745.5697
4605.084,-11950.0,-4190.0,145.08,3.0,0.08,1.0,2753.4693
4605.088,-11951.719,-4189.7525,145.0,3.0,0.0,1.0,2753.6253
4605.288,-12021.3847,-4182.6445,134.0,3.0,0.0,1.0,2761.0697
4605.524,-12081.0,-4180.0,119.25,3.0,0.0,1.0,2768.873
4605.528,-12081.9922,-4179.9302,119.0,2.0,0.0,1.0,2769.0031
4605.704,-12127.0,-4176.0,116.8,2.0,0.0,1.0,2774.7256
4605.768,-12146.0723,-4174.1379,116.0,2.0,0.0,1.0,2776.7364
4605.924,-12195.0,-4169.0,109.8714,2.0,0.0,1.0,2781.3857
4606.048,-12230.4037,-4164.1008,105.0,2.0,0.0,1.0,2784.9031
4606.064,-12236.0,-4163.0,104.6,2.0,0.0,1.0,2785.3495
4606.284,-12333.0,-4138.0,99.1,2.0,0.0,1.0,2791.3417
4606.328,-12347.673,-4133.6503,98.0,2.0,0.0,1.0,2792.5253
4606.568,-12383.763,-4118.7037,96.0,2.0,0.0,0.0,2798.9253
4606.724,-12404.0,-4105.0,94.4478,2.0,7.7612,0.0,2802.9947
4606.769,-12412.2111,-4099.5346,94.0,2.0,10.0,0.0,2804.1736
4606.944,-12449.0,-4073.0,95.6406,2.0,19.8438,0.0,2808.8233
4607.064,-12470.0,-4052.0,96.7656,2.0,26.5938,0.0,2812.1009
4607.089,-12474.2149,-4047.3706,97.0,2.0,28.0,0.0,2812.7958
4607.224,-12496.0,-4018.0,100.9375,2.0,34.1875,0.0,2816.6216
4607.329,-12510.0346,-3983.1719,104.0,2.0,39.0,0.0,2819.7292
4607.604,-12532.0,-3877.0,111.4479,2.0,32.125,0.0,2828.5636
4607.809,-12533.0434,-3841.405,117.0,2.0,27.0,0.0,2835.3292
4607.864,-12533.0,-3829.0,116.6562,2.0,18.75,0.0,2837.1159
4607.969,-12533.6917,-3795.9916,116.0,2.0,3.0,0.0,2840.4847
4608.084,-12536.0,-3755.0,114.275,2.0,2.1375,0.0,2844.0908
4608.264,-12545.0,-3701.0,111.575,2.0,0.7875,0.0,2849.5711
4608.369,-12556.4793,-3673.3857,110.0,2.0,0.0,1.0,2852.7069
4608.484,-12575.0,-3647.0,107.125,2.0,0.7188,1.0,2856.0972
4608.529,-12583.9597,-3638.0622,106.0,2.0,1.0,0.0,2857.4181
4608.744,-12637.0,-3606.0,106.0,2.0,23.3958,0.0,2863.7395
4608.769,-12643.6595,-3603.3874,106.0,2.0,26.0,0.0,2864.4847
4608.904,-12684.0,-3593.0,108.25,2.0,30.5,0.0,2868.5623
4609.009,-12728.0688,-3588.6088,110.0,2.0,34.0,0.0,2871.8181
4609.209,-12824.9347,-3586.9979,116.0,2.0,41.0,0.0,2878.2625
4609.265,-12843.0,-3587.0,117.75,2.0,42.75,0.0,2880.1196
4609.369,-12863.5739,-3587.2991,121.0,2.0,46.0,0.0,2883.6403
4609.505,-12885.0,-3589.0,124.9667,2.0,57.9,0.0,2888.4222
4609.609,-12916.2718,-3592.0002,128.0,3.0,67.0,0.0,2892.1736
4609.785,-12986.0,-3600.0,133.0286,3.0,78.9429,0.0,2898.6562
4609.889,-13026.0103,-3606.09,136.0,3.0,86.0,0.0,2902.7514
4609.945,-13048.0,-3610.0,140.6667,3.0,89.0333,0.0,2905.0773
4610.129,-13125.4779,-3626.6242,156.0,3.0,99.0,0.0,2913.1514
4610.285,-13189.0,-3642.0,160.3333,3.0,99.0,0.0,2920.1492
4610.445,-13258.0,-3662.0,164.7778,3.0,99.0,0.0,2927.6024
4610.489,-13289.8946,-3673.6605,166.0,4.0,99.0,0.0,2929.7514
4610.685,-13471.0,-3746.0,181.5816,4.0,99.0,0.0,2939.7905
4610.728,-13500.0224,-3758.1438,185.0,4.0,99.0,0.0,2942.0333
4611.008,-13587.5545,-3799.9879,190.0,5.0,99.0,0.0,2956.8111
4611.104,-13626.0,-3818.0,194.32,5.0,99.0,0.0,2962.066
4611.164,-13657.0,-3832.0,197.02,5.0,99.0,0.0,2965.4018
4611.208,-13679.9081,-3842.3071,199.0,5.0,99.0,0.0,2967.8667
4611.344,-13749.0,-3873.0,203.76,5.0,99.0,0.0,2975.5898
4611.408,-13781.2099,-3886.7775,206.0,5.0,99.0,0.0,2979.3111
4611.584,-13878.0,-3927.0,215.68,5.0,99.0,0.0,2989.8894
4611.608,-13893.834,-3933.6161,217.0,5.0,99.0,0.0,2991.3667
4611.848,-14073.837,-4009.6477,227.0,6.0,99.0,0.0,3006.5
4611.904,-14107.0,-4024.0,228.1667,6.0,99.0,0.0,3010.0807
4612.088,-14178.4909,-4056.6267,232.0,6.0,99.0,0.0,3021.9667
4612.184,-14223.0,-4079.0,234.88,6.0,99.0,0.0,3028.2767
4612.288,-14292.1467,-4114.6367,238.0,6.0,99.0,0.0,3035.1889
4612.528,-14485.7396,-4215.6693,243.0,6.0,99.0,0.0,3051.3889
4612.544,-14496.0,-4221.0,243.4,6.0,99.0,0.0,3052.4804
4612.688,-14569.5107,-4258.9438,247.0,7.0,99.0,0.0,3062.3667
4612.848,-14629.9056,-4289.2555,250.0,7.0,99.0,0.0,3073.4778
4612.924,-14668.0,-4308.0,251.14,7.0,99.0,0.0,3078.801
4613.048,-14744.4139,-4345.2462,253.0,7.0,99.0,0.0,3087.5333
4613.104,-14781.0,-4363.0,253.5572,7.0,99.0,0.0,3091.4871
4613.204,-14845.0,-4394.0,254.5522,7.0,99.0,0.0,3098.568
4613.249,-14871.4864,-4406.8568,255.0,7.0,99.0,0.0,3101.7708
4613.544,-15062.0,-4505.0,259.6094,7.0,99.0,0.0,3123.0532
4613.569,-15088.478,-4519.5401,260.0,7.0,99.0,0.0,3124.8819
4613.724,-15267.0,-4619.0,263.0139,7.0,99.0,0.0,3136.3119
4613.929,-15362.9368,-4673.4395,267.0,7.0,99.0,0.0,3151.5819
4614.084,-15407.0,-4700.0,268.9375,7.0,99.0,0.0,3163.163
4614.089,-15409.0814,-4701.251,269.0,7.0,99.0,0.0,3163.5375
4614.329,-15563.0766,-4792.5252,271.0,7.0,99.0,0.0,3181.6042
4614.364,-15597.0,-4812.0,271.2917,7.0,99.0,0.0,3184.255
4614.564,-15821.0,-4938.0,272.9583,7.0,99.0,0.0,3199.4775
4614.689,-15903.6868,-4983.0745,274.0,7.0,99.0,0.0,3209.0042
4614.889,-15958.9227,-5011.1956,274.0,7.0,99.0,0.0,3224.2264
4614.964,-15996.0,-5032.0,274.0,7.0,99.0,0.0,3229.9333
4615.044,-16047.0,-5062.0,274.0,7.0,99.0,0.0,3236.0206
4615.209,-16145.5384,-5136.873,274.0,7.0,99.0,0.0,3248.5819
4616.065,-16456.0,-5700.0,274.9304,7.0,99.0,0.0,3313.9581
4616.129,-16470.8274,-5744.1183,275.0,7.0,99.0,0.0,3318.8597
4616.285,-16507.0,-5862.0,275.39,7.0,99.0,0.0,3330.8154
4616.529,-16576.3232,-6100.4159,276.0,7.0,99.0,0.0,3349.5264
4616.545,-16580.0,-6113.0,276.0,7.0,99.0,0.0,3350.7532
4616.689,-16604.6917,-6195.9049,276.0,7.0,99.0,0.0,3361.7931
4616.849,-16629.924,-6274.9186,276.0,7.0,99.0,0.0,3374.0597
4616.885,-16639.0,-6303.0,276.0,7.0,99.0,0.0,3376.8207
4617.169,-16738.8475,-6609.9832,276.0,7.0,99.0,0.0,3398.5931
4617.205,-16748.0,-6638.0,275.82,7.0,99.0,0.0,3401.3458
4617.369,-16769.5862,-6703.576,275.0,7.0,99.0,0.0,3413.8708
4617.504,-16785.0,-6754.0,275.0,7.0,99.0,0.0,3424.1882
4617.664,-16819.0,-6871.0,275.0,7.0,99.0,0.0,3436.4091
4617.688,-16823.9182,-6889.1005,275.0,7.0,99.0,0.0,3438.2389
4617.888,-16857.6512,-7030.3018,274.0,7.0,99.0,0.0,3453.4611
4618.004,-16873.0,-7113.0,274.0,7.0,99.0,0.0,3462.2914
4618.064,-16880.0,-7158.0,274.0,7.0,99.0,0.0,3466.8608
4618.248,-16897.3211,-7330.232,274.0,7.0,99.0,0.0,3480.8611
4618.444,-16908.0,-7506.0,273.4556,7.0,99.0,0.0,3495.7399
4618.608,-16910.0369,-7590.1854,273.0,7.0,99.0,0.0,3508.1611
4618.824,-16902.0,-7734.0,272.0182,7.0,99.0,0.0,3524.4803
4618.984,-16889.0,-7945.0,271.2909,7.0,99.0,0.0,3536.5027
4619.048,-16885.0761,-8005.9445,271.0,7.0,99.0,0.0,3541.2833
4619.208,-16880.0614,-8073.317,267.0,7.0,99.0,0.0,3553.15
4619.364,-16875.0,-8136.0,263.6571,7.0,99.0,0.0,3564.5289
4619.488,-16868.5805,-8221.992,261.0,7.0,99.0,0.0,3573.45
4619.584,-16863.0,-8296.0,259.0,7.0,98.6,0.0,3580.2918
4619.728,-16854.744,-8400.0202,256.0,7.0,98.0,0.0,3590.5167
4619.844,-16848.0,-8481.0,254.2687,7.0,41.4428,0.0,3598.7956
4619.929,-16842.9142,-8540.2927,253.0,7.0,0.0,1.0,3604.6425
4620.104,-16834.0,-8659.0,234.9531,7.0,0.0,1.0,3615.5963
4620.184,-16832.0,-8710.0,226.7031,7.0,0.0,1.0,3620.3351
4620.249,-16831.434,-8752.2773,220.0,7.0,0.0,1.0,3624.1981
4620.409,-16833.8443,-8859.4366,211.0,7.0,0.0,1.0,3633.5758
4620.524,-16837.0,-8927.0,198.0625,7.0,0.0,1.0,3639.602
4620.729,-16844.0757,-9018.4448,175.0,7.0,0.0,1.0,3649.1314
4620.904,-16851.0,-9088.0,160.125,7.0,0.0,1.0,3656.8413
4620.929,-16852.0174,-9098.6616,158.0,7.0,0.0,1.0,3657.9092
4621.124,-16860.0,-9184.0,150.4167,7.0,0.0,1.0,3665.9342
4621.204,-16863.0,-9216.0,147.3056,7.0,0.0,1.0,3669.0721
4621.289,-16865.3285,-9248.5919,144.0,4.0,0.0,1.0,3672.3092
4621.364,-16867.0,-9276.0,138.375,4.0,0.0,1.0,3675.0826
4621.489,-16869.7809,-9318.4063,129.0,3.0,0.0,1.0,3679.4758
4621.584,-16871.0,-9352.0,123.775,3.0,0.0,1.0,3682.5551
4621.889,-16866.8029,-9473.0241,107.0,2.0,0.0,1.0,3691.3647
4621.924,-16866.0,-9483.0,105.9792,2.0,0.0,1.0,3692.3471
4622.129,-16860.5081,-9517.7945,100.0,2.0,0.0,1.0,3698.0314
4622.204,-16857.0,-9529.0,98.5937,2.0,0.0,1.0,3700.0714
4622.289,-16851.6047,-9544.0196,97.0,2.0,0.0,1.0,3702.3425
4622.449,-16835.7836,-9577.9963,93.0,2.0,0.0,0.0,3706.4758
4622.545,-16818.0,-9599.0,91.8,2.0,0.6,0.0,3708.9215
4622.609,-16802.1714,-9612.9363,91.0,2.0,1.0,0.0,3710.5203
4622.785,-16754.0,-9646.0,88.0667,2.0,3.9333,0.0,3714.7191
4622.969,-16726.5853,-9660.224,85.0,2.0,7.0,0.0,3719.0203
4623.025,-16718.0,-9664.0,85.84,2.0,14.84,0.0,3720.3584
4623.169,-16689.1951,-9676.8685,88.0,2.0,35.0,0.0,3723.9092
4623.325,-16649.0,-9696.0,95.8,2.0,43.775,0.0,3728.0652
4623.329,-16647.875,-9696.5624,96.0,2.0,44.0,0.0,3728.1758
4623.525,-16589.0,-9727.0,102.5333,2.0,49.7167,0.0,3733.8142
4623.569,-16575.9429,-9733.7281,104.0,2.0,51.0,0.0,3735.1092
4623.729,-16530.138,-9757.0671,109.0,2.0,61.0,0.0,3739.9536
4623.805,-16509.0,-9768.0,113.4909,2.0,63.9364,0.0,3742.4991
4624.044,-16443.0,-9803.0,127.6136,2.0,73.1705,0.0,3751.5667
4624.169,-16405.3996,-9822.7175,135.0,3.0,78.0,0.0,3756.4536
4624.368,-16336.5108,-9858.465,141.0,3.0,98.0,0.0,3764.2478
4624.404,-16322.0,-9866.0,142.5,3.0,98.15,0.0,3765.6983
4624.608,-16231.0606,-9913.2196,151.0,4.0,99.0,0.0,3774.3144
4624.644,-16216.0,-9921.0,153.2,4.0,99.0,0.0,3775.9344
4624.968,-16099.7924,-9979.7663,173.0,4.0,99.0,0.0,3791.6144
4625.004,-16085.0,-9987.0,174.575,4.0,99.0,0.0,3793.4042
4625.084,-16050.0,-10004.0,178.075,4.0,99.0,0.0,3797.4
4625.128,-16031.0678,-10013.2276,180.0,4.0,99.0,0.0,3799.6144
4625.404,-15904.0,-10076.0,184.9286,4.0,99.0,0.0,3813.7944
4625.408,-15901.5933,-10077.1942,185.0,5.0,99.0,0.0,3814.0033
4625.608,-15763.621,-10145.7418,191.0,5.0,99.0,0.0,3824.6144
4625.664,-15731.0,-10162.0,192.75,5.0,99.0,0.0,3827.682
4626.004,-15610.0,-10224.0,203.375,5.0,99.0,0.0,3847.1746
4626.088,-15569.224,-10245.8345,206.0,5.0,99.0,0.0,3852.0811
4626.184,-15519.0,-10273.0,208.39,5.0,99.0,0.0,3857.7055
4626.329,-15445.4922,-10313.636,212.0,5.0,99.0,0.0,3866.2733
4626.344,-15436.0,-10319.0,212.375,5.0,99.0,0.0,3867.1682
4626.529,-15282.6465,-10407.1764,217.0,6.0,99.0,0.0,3878.3289
4626.604,-15228.0,-10439.0,217.9375,6.0,99.0,0.0,3882.9075
4626.849,-15142.099,-10490.7276,221.0,6.0,99.0,0.0,3897.9733
4627.004,-15091.0,-10521.0,221.0,6.0,99.0,0.0,3907.4859
4627.009,-15088.7423,-10522.3064,221.0,6.0,99.0,0.0,3907.7956
4627.164,-15005.0,-10570.0,224.3214,6.0,99.0,0.0,3917.5205
4627.289,-14935.2611,-10608.4751,227.0,6.0,99.0,0.0,3925.4511
4627.444,-14850.0,-10654.0,228.2917,6.0,99.0,0.0,3935.302
4627.529,-14803.4954,-10678.1997,229.0,6.0,99.0,0.0,3940.7178
4627.724,-14691.0,-10736.0,230.3929,6.0,99.0,0.0,3953.195
4627.809,-14634.8296,-10765.2654,231.0,6.0,99.0,0.0,3958.6844
4627.904,-14573.0,-10798.0,231.5938,6.0,56.8437,0.0,3964.8636
4627.969,-14535.5758,-10818.3199,232.0,6.0,28.0,1.0,3968.9956
4628.084,-14474.0,-10853.0,222.2969,6.0,17.9375,1.0,3975.9337
4628.244,-14382.0,-10907.0,208.7969,6.0,3.9375,1.0,3984.8449
4628.289,-14354.8202,-10922.7397,205.0,6.0,0.0,1.0,3987.2178
4628.404,-14288.0,-10961.0,186.3125,6.0,0.0,1.0,3993.0171
4628.449,-14266.286,-10973.4628,179.0,6.0,0.0,1.0,3995.1733
4628.584,-14210.0,-11005.0,168.875,6.0,0.0,1.0,4001.2412
4628.769,-14120.8904,-11048.8284,155.0,6.0,0.0,1.0,4008.9511
4628.945,-14039.0,-11085.0,148.7143,6.0,0.0,1.0,4016.1425
4629.049,-13999.9976,-11100.615,145.0,3.0,0.0,1.0,4020.2289
4629.365,-13897.0,-11127.0,131.175,3.0,0.0,1.0,4031.7322
4629.369,-13895.4052,-11127.2147,131.0,3.0,0.0,1.0,4031.8733
4629.685,-13762.0,-11136.0,125.075,3.0,0.0,1.0,4042.847
4629.689,-13760.7877,-11136.0059,125.0,3.0,0.0,1.0,4042.9844
4629.889,-13722.9314,-11132.7981,123.0,3.0,0.0,0.0,4049.8178
4630.025,-13699.0,-11124.0,121.64,3.0,0.68,0.0,4054.4026
4630.089,-13683.4024,-11117.4557,121.0,3.0,1.0,0.0,4056.54
4630.305,-13620.0,-11085.0,119.4571,3.0,21.0571,0.0,4063.6724
4630.369,-13603.1873,-11072.837,119.0,3.0,27.0,0.0,4065.7956
4630.485,-13574.0,-11046.0,120.6571,3.0,33.2143,0.0,4069.6772
4630.649,-13528.9239,-10991.2025,123.0,3.0,42.0,0.0,4075.3622
4630.784,-13496.0,-10945.0,129.2679,3.0,49.2321,0.0,4080.3579
4630.929,-13471.4111,-10906.0923,136.0,3.0,57.0,0.0,4085.94
4631.064,-13453.0,-10873.0,140.5188,3.0,64.3431,0.0,4091.2364
4631.168,-13438.3543,-10845.3596,144.0,3.0,70.0,0.0,4095.5
4631.364,-13398.0,-10765.0,153.31,3.0,77.35,0.0,4104.1942
4631.544,-13335.0,-10637.0,161.86,3.0,84.1,0.0,4112.5138
4631.568,-13328.3922,-10623.6019,163.0,3.0,85.0,0.0,4113.6111
4631.768,-13300.6072,-10568.0337,166.0,4.0,92.0,0.0,4122.8333
4631.928,-13281.8918,-10531.6603,182.0,4.0,98.0,0.0,4130.9222
4631.944,-13279.0,-10526.0,182.45,4.0,98.05,0.0,4131.7498
4632.104,-13242.0,-10453.0,186.95,4.0,98.55,0.0,4140.1334
4632.248,-13205.5036,-10378.7637,191.0,5.0,99.0,0.0,4147.9
4632.364,-13181.0,-10328.0,195.2182,5.0,99.0,0.0,4154.3371
4632.604,-13143.0,-10248.0,203.9455,5.0,99.0,0.0,4168.1784
4632.688,-13115.7094,-10191.2667,207.0,5.0,99.0,0.0,4173.2
4632.884,-13039.0,-10033.0,217.4626,5.0,99.0,0.0,4185.2562
4632.969,-13018.3408,-9991.1239,222.0,5.0,99.0,0.0,4190.5283
4633.129,-12996.1422,-9948.3863,224.0,6.0,99.0,0.0,4200.4839
4633.204,-12982.0,-9922.0,226.8125,6.0,99.0,0.0,4205.2822
4633.449,-12911.3873,-9792.8276,236.0,6.0,99.0,0.0,4221.4617
4633.484,-12900.0,-9773.0,236.625,6.0,99.0,0.0,4223.7896
4633.684,-12832.0,-9661.0,240.1964,6.0,99.0,0.0,4237.1605
4633.729,-12815.4463,-9635.0394,241.0,6.0,99.0,0.0,4240.2061
4633.864,-12766.0,-9559.0,244.0375,6.0,99.0,0.0,4249.4429
4634.084,-12680.0,-9434.0,248.9875,6.0,99.0,0.0,4264.8008
4634.129,-12645.0362,-9387.7136,250.0,7.0,99.0,0.0,4267.9839
4634.224,-12560.0,-9278.0,253.1667,7.0,99.0,0.0,4274.7496
4634.369,-12461.931,-9159.2607,258.0,7.0,99.0,0.0,4285.1839
4634.569,-12387.1926,-9087.5788,262.0,7.0,99.0,0.0,4299.7394
4634.744,-12328.0,-9036.0,263.6406,7.0,99.0,0.0,4312.5528
4634.889,-12274.4336,-8987.8846,265.0,7.0,99.0,0.0,4323.295
4635.124,-12159.0,-8885.0,271.8542,7.0,99.0,0.0,4341.0477
4635.129,-12155.7888,-8882.2055,272.0,7.0,99.0,0.0,4341.4283
4635.329,-12008.8707,-8755.843,276.0,7.0,99.0,0.0,4356.7617
4635.385,-11973.0,-8725.0,277.12,7.0,99.0,0.0,4361.1168
4635.665,-11844.0,-8612.0,282.72,7.0,99.0,0.0,4383.2488
4635.729,-11808.6589,-8580.2921,284.0,8.0,99.0,0.0,4388.3172
4635.845,-11739.0,-8516.0,284.4833,8.0,99.0,0.0,4397.4873
4635.969,-11668.9414,-8445.8621,285.0,8.0,99.0,0.0,4407.3172
4636.129,-11582.7074,-8353.2814,288.0,8.0,99.0,0.0,4420.1172
4636.165,-11563.0,-8332.0,288.36,8.0,99.0,0.0,4423.009
4636.325,-11475.0,-8237.0,289.96,8.0,99.0,0.0,4435.905
4636.329,-11472.8607,-8234.7082,290.0,8.0,99.0,0.0,4436.2283
4636.505,-11375.0,-8134.0,291.2571,8.0,99.0,0.0,4450.4973
4636.609,-11296.3564,-8062.1086,292.0,8.0,99.0,0.0,4458.9394
4636.765,-11172.0,-7950.0,292.0,8.0,99.5571,0.0,4471.5892
4636.889,-11100.53,-7876.9653,292.0,8.0,100.0,0.0,4481.6506
4636.945,-11073.0,-7846.0,292.175,8.0,99.825,0.0,4486.2005
4637.185,-10965.0,-7690.0,292.925,8.0,99.075,0.0,4505.7386
4637.209,-10952.8875,-7665.8985,293.0,8.0,99.0,0.0,4507.695
4637.444,-10834.0,-7386.0,293.7344,8.0,99.7344,0.0,4526.8748
4637.529,-10810.2814,-7323.4517,294.0,8.0,100.0,0.0,4533.8283
4637.689,-10795.4086,-7269.4369,295.0,8.0,99.0,0.0,4546.9394
4637.804,-10782.0,-7212.0,295.0,8.0,99.0,0.0,4556.3599
4637.984,-10747.0,-7068.0,295.0,8.0,99.0,0.0,4571.1049
4638.048,-10735.49,-7016.5521,295.0,8.0,99.0,0.0,4576.3575
4638.248,-10702.1722,-6856.4679,296.0,8.0,99.0,0.0,4592.8019
4638.264,-10699.0,-6842.0,296.0,8.0,99.0,0.0,4594.1179
4638.464,-10654.0,-6651.0,296.0,8.0,99.0,0.0,4610.5643
4638.648,-10616.6236,-6527.3982,296.0,8.0,99.0,0.0,4625.6908
4638.764,-10586.0,-6456.0,296.0,8.0,99.0,0.0,4635.2255
4638.888,-10541.1679,-6370.1425,296.0,8.0,99.0,0.0,4645.4242
4638.944,-10518.0,-6332.0,296.14,8.0,99.0,0.0,4650.0351
4639.184,-10392.0,-6179.0,296.74,8.0,99.0,0.0,4669.8307
4639.288,-10306.6946,-6101.7325,297.0,8.0,99.0,0.0,4678.4242
4639.448,-10157.6379,-5980.901,298.0,8.0,99.0,0.0,4691.6686
4639.504,-10118.0,-5950.0,298.3489,8.0,99.0,0.0,4696.3193
4639.769,-10002.0374,-5867.6484,300.0,8.0,99.0,0.0,4718.4186
4639.784,-9994.0,-5862.0,300.0536,8.0,99.0,0.0,4719.6713
4639.984,-9858.0,-5764.0,300.7679,8.0,99.0,0.0,4736.3868
4640.049,-9813.0013,-5730.7365,301.0,8.0,99.0,0.0,4741.8297
4640.224,-9697.0,-5643.0,301.7292,8.0,99.0,0.0,4756.5157
4640.384,-9591.0,-5561.0,302.3958,8.0,99.0,0.0,4769.9846
4640.529,-9477.9452,-5473.5664,303.0,8.0,99.0,0.0,4782.2297
4640.744,-9311.0,-5345.0,304.9545,8.0,99.0,0.0,4800.4552
4640.969,-9191.9169,-5254.2818,307.0,8.0,99.0,0.0,4819.7519
4641.044,-9148.0,-5221.0,309.625,8.0,99.0,0.0,4826.2672
4641.169,-9061.0825,-5155.1113,314.0,8.0,99.0,0.0,4837.1964
4641.204,-9036.0,-5136.0,314.2917,8.0,99.0,0.0,4840.2654
4641.484,-8841.0,-4986.0,316.625,8.0,99.0,0.0,4864.9263
4641.529,-8809.6806,-4962.0612,317.0,8.0,99.0,0.0,4868.8964
4641.704,-8687.0,-4869.0,317.875,8.0,99.0,0.0,4884.3495
4641.729,-8669.3574,-4855.6878,318.0,8.0,99.0,0.0,4886.5631
4641.904,-8545.0,-4762.0,319.4583,8.0,99.0,0.0,4902.1106
4641.969,-8498.3926,-4726.6657,320.0,8.0,99.0,0.0,4907.8964
4642.165,-8361.0,-4621.0,320.4455,8.0,99.0,0.0,4925.3542
4642.385,-8206.0,-4500.0,320.9455,8.0,99.0,0.0,4944.9847
4642.409,-8182.4662,-4482.5123,321.0,8.0,99.0,0.0,4947.1297
4642.569,-7996.3589,-4348.0343,322.0,8.0,99.0,0.0,4961.4408
4642.625,-7947.0,-4313.0,322.0,8.0,99.0,0.0,4966.447
4642.809,-7876.0908,-4265.9578,322.0,8.0,99.0,0.0,4982.9075
4642.885,-7841.0,-4247.0,322.6333,8.0,99.0,0.0,4989.7358
4643.049,-7698.5447,-4171.5045,324.0,8.0,99.0,0.0,5004.5075
4643.165,-7585.0,-4115.0,324.0,8.0,99.0,0.0,5014.9485
4643.289,-7480.6846,-4068.9764,324.0,8.0,99.0,0.0,5026.1075
4643.345,-7435.0,-4050.0,324.0,8.0,99.0,0.0,5031.1489
4643.489,-7314.401,-4001.1368,324.0,8.0,99.0,0.0,5044.1075
4643.525,-7284.0,-3989.0,323.8714,8.0,99.0,0.0,5047.3423
4643.705,-7132.0,-3929.0,323.2286,8.0,99.0,0.0,5063.4897
4643.769,-7078.0374,-3907.8347,323.0,8.0,99.0,0.0,5069.2297
4643.929,-6943.5521,-3854.9849,323.0,8.0,99.0,0.0,5083.5853
4643.944,-6931.0,-3850.0,323.0,8.0,99.0,0.0,5084.9314
4644.224,-6698.0,-3756.0,323.0,8.0,99.0,0.0,5110.056
4644.249,-6677.1922,-3747.5629,323.0,8.0,99.0,0.0,5112.2964
4644.464,-6498.0,-3675.0,322.326,8.0,99.0,0.0,5131.5374
4644.568,-6411.3655,-3640.1263,322.0,8.0,99.0,0.0,5140.8292
4644.664,-6332.0,-3608.0,321.6571,8.0,99.0,0.0,5149.3978
4644.848,-6180.6934,-3545.6573,321.0,8.0,99.0,0.0,5165.7958
4644.864,-6167.0,-3540.0,320.9333,8.0,99.0,0.0,5167.2199
4645.088,-5978.9347,-3462.9289,320.0,8.0,99.0,0.0,5187.1292
4645.104,-5969.0,-3459.0,319.96,8.0,99.0,0.0,5188.5497
4645.144,-5946.0,-3450.0,319.86,8.0,99.0,0.0,5192.1001
4645.488,-5616.2295,-3313.2265,319.0,8.0,99.0,0.0,5222.5736
4645.524,-5587.0,-3301.0,318.85,8.0,99.0,0.0,5225.7546
4645.728,-5472.8732,-3253.4298,318.0,8.0,99.0,0.0,5243.7736
4645.844,-5407.0,-3226.0,318.4143,8.0,99.0,0.0,5254.0525
4646.008,-5278.6767,-3172.4534,319.0,8.0,99.0,0.0,5268.5847
4646.144,-5162.0,-3124.0,318.032,8.0,99.0,0.0,5280.5785
4646.284,-5048.0,-3077.0,317.0356,8.0,99.0,0.0,5292.889
4646.289,-5043.9432,-3075.3209,317.0,8.0,99.0,0.0,5293.3283
4646.484,-4885.0,-3009.0,316.4583,8.0,99.0,0.0,5310.4494
4646.649,-4751.3615,-2952.76,316.0,8.0,99.0,0.0,5324.9283
4646.704,-4707.0,-2934.0,316.0,8.0,99.0,0.0,5329.7556
4646.929,-4525.8031,-2856.9927,316.0,8.0,99.0,0.0,5349.5061
4646.984,-4481.0,-2838.0,316.0,8.0,99.0,0.0,5354.3338
4647.144,-4351.0,-2783.0,316.0,8.0,99.0,0.0,5368.3769
4647.289,-4236.301,-2734.0476,316.0,8.0,99.0,0.0,5381.1061
4647.304,-4222.0,-2728.0,316.0,8.0,99.0,0.0,5382.4232
4647.529,-3961.3341,-2618.9982,316.0,8.0,99.0,0.0,5402.1728
4647.544,-3947.0,-2613.0,315.9375,8.0,99.0,0.0,5403.4875
4647.769,-3816.2112,-2557.6596,315.0,8.0,99.0,0.0,5423.1728
4647.884,-3754.0,-2531.0,314.6806,8.0,99.0,0.0,5433.2127
4648.129,-3558.1974,-2447.3968,314.0,8.0,99.0,0.0,5454.5728
4648.164,-3529.0,-2435.0,314.0,8.0,99.0,0.0,5457.6239
4648.289,-3427.8544,-2392.2455,314.0,8.0,99.0,0.0,5468.5283
4648.364,-3368.0,-2367.0,314.375,8.0,99.0,0.0,5475.0878
4648.489,-3267.8712,-2324.7475,315.0,8.0,99.0,0.0,5486.0283
4648.565,-3207.0,-2299.0,314.62,8.0,99.0,0.0,5492.6657
4648.689,-3107.9123,-2256.9607,314.0,8.0,99.0,0.0,5503.4728
4648.745,-3063.0,-2238.0,313.7667,8.0,99.0,0.0,5508.346
4648.905,-2934.0,-2184.0,313.1,8.0,99.0,0.0,5522.253
4648.929,-2914.7358,-2175.9265,313.0,8.0,99.0,0.0,5524.3394
4649.145,-2742.0,-2103.0,313.0,8.0,99.0,0.0,5543.1283
4649.285,-2630.0,-2055.0,313.0,8.0,99.0,0.0,5555.2975
4649.329,-2596.644,-2040.6521,313.0,8.0,99.0,0.0,5559.1172
4649.605,-2375.0,-1946.0,312.0143,8.0,99.0,0.0,5583.0373
4649.609,-2370.7359,-1944.21,312.0,8.0,99.0,0.0,5583.3839
4649.809,-2124.4893,-1841.7516,312.0,8.0,99.0,0.0,5600.7172
4649.865,-2067.0,-1818.0,312.0,8.0,99.0,0.0,5605.5704
4650.049,-1953.0595,-1771.4784,312.0,8.0,99.0,0.0,5621.5172
4650.209,-1882.2942,-1743.9771,312.0,8.0,99.0,0.0,5635.3839
4650.245,-1859.0,-1735.0,311.8714,8.0,99.0,0.0,5638.499
4650.424,-1713.0,-1679.0,311.2321,8.0,99.0,0.0,5653.9593
4650.489,-1659.7807,-1658.6787,311.0,8.0,99.0,0.0,5659.5728
4650.604,-1568.0,-1624.0,311.0,8.0,99.0,0.0,5669.5097
4650.729,-1466.9693,-1586.8685,311.0,8.0,99.0,0.0,5680.3061
4650.884,-1341.0,-1541.0,310.5694,8.0,99.0,0.0,5693.6682
4651.044,-1212.0,-1493.0,310.125,8.0,99.0,0.0,5707.4367
4651.089,-1175.78,-1479.3204,310.0,8.0,99.0,0.0,5711.3061
4651.244,-1051.0,-1432.0,309.5682,8.0,99.0,0.0,5724.6246
4651.404,-922.0,-1384.0,309.1226,8.0,99.0,0.0,5738.3511
4651.448,-886.6324,-1370.7399,309.0,8.0,99.0,0.0,5742.1203
4651.648,-726.3399,-1309.9609,308.0,8.0,99.0,0.0,5759.2314
4651.724,-665.0,-1287.0,308.0,8.0,99.0,0.0,5765.7366
4651.808,-596.7675,-1261.7988,308.0,8.0,99.0,0.0,5772.9203
4651.924,-505.0,-1228.0,307.42,8.0,99.0,0.0,5782.8108
4652.008,-443.3369,-1204.9054,307.0,8.0,99.0,0.0,5789.9758
4652.124,-345.0,-1168.0,307.58,8.0,99.0,0.0,5799.9003
4652.208,-245.6109,-1131.1432,308.0,8.0,99.0,0.0,5807.0869
4652.324,-105.0,-1079.0,307.5857,8.0,99.0,0.0,5816.9883
4652.488,7.5237,-1036.1129,307.0,8.0,99.0,0.0,5830.9647
4652.649,77.1702,-1007.1727,307.0,8.0,99.0,0.0,5844.6944
4652.704,116.0,-991.0,307.0,8.0,99.0,0.0,5849.3849
4652.809,211.9433,-951.0355,307.0,8.0,99.0,0.0,5858.3389
4652.884,281.0,-922.0,307.0,8.0,99.0,0.0,5864.7347
4653.064,430.0,-858.0,307.0,8.0,99.0,0.0,5880.0847
4653.169,569.5394,-798.7272,307.0,8.0,99.0,0.0,5889.0389
4653.264,699.0,-744.0,307.0,8.0,99.0,0.0,5897.1403
4653.329,769.5068,-714.2765,307.0,8.0,99.0,0.0,5902.6833
4653.529,894.8444,-661.9602,307.0,8.0,99.0,0.0,5919.7389
4653.764,999.0,-619.0,307.0,8.0,99.0,0.0,5939.7796
4653.769,1001.7339,-617.8664,307.0,8.0,99.0,0.0,5940.2056
4653.876,1065.4317,-591.4069,306.7028,8.0,99.0,0.0,5949.3148