Date,SessionTime,DriverAhead,DistanceToDriverAhead,Time,RPM,Speed,nGear,Throttle,Brake,DRS,Source,Distance,RelativeDistance,Status,X,Y,Z,Time_seconds,SessionTime_seconds
2026-08-23 15:06:38.290,0 days 02:59:55.513000,,241.15944444444443,0 days 00:00:00,11226.249960533334,324.7499996444445,8,100.0,False,0,interpolation,0.053545854004411336,1.270128977793036e-05,OnTrack,497.7224493647566,3752.5039654045013,537.0000370074171,0.0,10795.513
2026-08-23 15:06:39.380,0 days 02:59:56.603000,11,237.27055555555555,0 days 00:00:01.090000,11340.0,329.0,8,100.0,False,0,car,99.32222222222222,0.02355962659085628,OnTrack,873.2862003143149,4669.258326917878,537.0060216628465,1.09,10796.603
2026-08-23 15:06:40.220,0 days 02:59:57.443000,11,217.07055555555561,0 days 00:00:01.930000,10728.0,318.0,8,10.0,True,0,car,175.23333333333332,0.04156604440814346,OnTrack,1166.7844497085666,5399.20480197525,536.9536555789726,1.93,10797.443
2026-08-23 15:06:41.261,0 days 02:59:58.484000,11,189.75972222222225,0 days 00:00:02.971000,8580.0,203.0,8,0.0,True,0,car,246.3938888888889,0.05844561153196151,OnTrack,1378.147119930817,6106.984103635507,544.3979041050022,2.971,10798.484
2026-08-23 15:06:42.403,0 days 02:59:59.626000,11,176.79111063111114,0 days 00:00:04.113000,11314.54017792,138.1374976,4,0.0,True,0,pos,296.1105990366163,0.07023861314025846,OnTrack,1589.0,6562.0,549.0,4.113,10799.626
2026-08-23 15:06:43.203,0 days 03:00:00.426000,11,172.93944428444453,0 days 00:00:04.913000,9713.3999232,116.53999872,2,0.0,True,0,pos,323.3865637110891,0.07670858056807328,OnTrack,1825.0,6695.0,549.0,4.913,10800.426
2026-08-23 15:06:44.283,0 days 03:00:01.506000,11,174.3183336711111,0 days 00:00:05.993000,8737.78491648,103.05499904,2,5.985006080000001,False,0,pos,355.55077251563245,0.08433805896747855,OnTrack,2133.0,6625.0,547.0,5.993,10801.506
2026-08-23 15:06:45.340,0 days 03:00:02.563000,11,183.28583333333324,0 days 00:00:07.050000,9824.0,113.0,2,54.0,False,0,car,386.7000000000001,0.09172677975630063,OnTrack,2289.587032189789,6350.012638858388,544.2679358249883,7.05,10802.563
2026-08-23 15:06:46.260,0 days 03:00:03.483000,11,194.70805555555546,0 days 00:00:07.970000,12030.0,140.0,2,79.0,False,0,car,419.4777777777778,0.09950179915925687,OnTrack,2260.2832735064308,6026.356683412385,541.2372868230367,7.97,10803.483
2026-08-23 15:06:47.341,0 days 03:00:04.564000,11,206.23999999999995,0 days 00:00:09.051000,10938.0,183.0,4,100.0,False,0,car,470.5044444444445,0.11160552766981158,OnTrack,2080.006645322108,5520.159277223874,533.4106617727116,9.051,10804.564
2026-08-23 15:06:48.300,0 days 03:00:05.523000,11,211.7702777777779,0 days 00:00:10.010000,10678.0,213.0,5,100.0,False,0,car,524.3897222222222,0.12438733011829695,OnTrack,1884.6965628457533,5079.698509219415,532.5734511977239,10.01,10805.523
2026-08-23 15:06:49.303,0 days 03:00:06.526000,11,201.92944357333343,0 days 00:00:11.013000,11121.5998848,221.56666453333332,5,38.55414293333334,False,0,pos,586.501989865682,0.1391206073210278,OnTrack,1771.0,4481.0,532.0,11.013,10806.526
2026-08-23 15:06:50.243,0 days 03:00:07.466000,11,194.06638856888904,0 days 00:00:11.953000,10230.2061504,178.281248,4,0.0,True,0,pos,636.2253509748574,0.1509151865638629,OnTrack,1787.0,3911.0,535.0,11.953,10807.466
2026-08-23 15:06:51.260,0 days 03:00:08.483000,11,193.57027777777796,0 days 00:00:12.970000,9348.0,157.0,4,32.0,False,0,car,682.5452777777776,0.1619024576375103,OnTrack,1468.9617760174788,3542.867470006502,546.7485185379189,12.97,10808.483
2026-08-23 15:06:52.260,0 days 03:00:09.483000,11,192.14805555555563,0 days 00:00:13.970000,9739.0,164.0,4,63.0,False,0,car,726.5230555555555,0.17233416163645976,OnTrack,1077.7685204222198,3384.8547154427406,546.3817782100742,13.97,10809.483
2026-08-23 15:06:53.282,0 days 03:00:10.505000,11,187.62527816888885,0 days 00:00:14.992000,12092.324440533333,144.30000213333332,3,0.6000042666666665,True,0,pos,770.0244049338852,0.1826528549220246,OnTrack,723.0,3173.0,536.0,14.992,10810.505
2026-08-23 15:06:54.283,0 days 03:00:11.506000,11,186.74500071111106,0 days 00:00:15.993000,10622.716538311111,126.4499968,2,3.5500032,False,0,pos,807.0782099867828,0.191442165020861,OnTrack,665.0,2818.0,529.0,15.993,10811.506
2026-08-23 15:06:55.183,0 days 03:00:12.406000,11,193.65083408000018,0 days 00:00:16.893000,10745.768819733334,122.0375008,2,53.0750016,False,0,pos,837.186158271416,0.1985838902373561,OnTrack,876.0,2615.0,529.0,16.893,10812.406
2026-08-23 15:06:56.340,0 days 03:00:13.563000,11,210.00472222222243,0 days 00:00:18.050000,10604.0,150.0,3,84.0,False,0,car,880.9174999999999,0.20895713862418136,OnTrack,1299.5922124432295,2640.169402768478,560.027084919634,18.05,10813.563
2026-08-23 15:06:57.180,0 days 03:00:14.403000,11,221.71583333333353,0 days 00:00:18.890000,11343.0,185.0,4,100.0,False,0,car,921.1508333333331,0.21850064549133544,OnTrack,1660.176573933513,2758.6268025385984,580.6083838492054,18.89,10814.403
2026-08-23 15:06:58.340,0 days 03:00:15.563000,11,233.77138888888908,0 days 00:00:20.050000,11512.0,226.0,5,100.0,False,0,car,989.5952777777776,0.23473594024462716,OnTrack,2169.150414258608,2933.801979543452,594.6180925744964,20.05,10815.563
2026-08-23 15:06:59.220,0 days 03:00:16.443000,11,240.53805555555596,0 days 00:00:20.930000,11217.0,251.0,6,100.0,False,0,car,1048.9063888888886,0.24880477196428155,OnTrack,2813.3487263075203,3035.2089842846212,584.5432048891913,20.93,10816.443
2026-08-23 15:07:00.243,0 days 03:00:17.466000,11,245.5575002935553,0 days 00:00:21.953000,10771.295236394644,274.9074755661154,6,100.0,False,0,pos,1124.4426248319833,0.26672226789904274,OnTrack,3507.0,2975.0,548.0,21.953,10817.466
2026-08-23 15:07:01.243,0 days 03:00:18.466000,11,246.39527770666717,0 days 00:00:22.953000,11209.1417344,289.3666688,7,100.0,False,0,pos,1203.7560914421235,0.2855357379881482,OnTrack,4292.0,2853.0,524.0,22.953,10818.466
2026-08-23 15:07:02.340,0 days 03:00:19.563000,11,245.3302777777783,0 days 00:00:24.050000,11442.0,295.0,7,100.0,False,0,car,1292.991111111111,0.3067026399683043,OnTrack,5143.545849398663,3053.9673112536448,526.15660960176,24.05,10819.563
2026-08-23 15:07:03.260,0 days 03:00:20.483000,11,242.03027777777834,0 days 00:00:24.970000,11447.0,297.0,7,100.0,False,0,car,1368.6688888888887,0.3246537101898416,OnTrack,5875.922023358708,3475.131123190519,557.8231293074363,24.97,10820.483
2026-08-23 15:07:04.260,0 days 03:00:21.483000,11,237.6525000000006,0 days 00:00:25.970000,11216.0,291.0,7,100.0,False,0,car,1450.0799999999997,0.34396474990694687,OnTrack,6647.465386362985,3622.2762735698566,592.2286232250239,25.97,10821.483
2026-08-23 15:07:05.260,0 days 03:00:22.483000,11,225.7636111111117,0 days 00:00:26.970000,10243.0,268.0,7,0.0,True,0,car,1528.7577777777774,0.36262743207383946,OnTrack,7363.7341273339325,3624.4349371934645,598.0804659913653,26.97,10822.483
2026-08-23 15:07:06.300,0 days 03:00:23.523000,11,221.5413888888893,0 days 00:00:28.010000,11255.0,226.0,5,1.0,False,0,car,1597.2466666666664,0.3788732692263217,OnTrack,8072.801520178321,3529.9293560239053,574.7267924383078,28.01,10823.523
2026-08-23 15:07:07.341,0 days 03:00:24.564000,11,223.2655555555557,0 days 00:00:29.051000,10697.0,212.0,5,61.0,False,0,car,1659.6952777777776,0.3936863284388269,OnTrack,8548.097343987065,3142.8367154956404,541.5045974302723,29.051,10824.564
2026-08-23 15:07:08.223,0 days 03:00:25.446000,11,227.33277852069213,0 days 00:00:29.933000,11053.402035649597,215.02010178247983,5,78.04020356495965,False,0,pos,1711.8041033896204,0.40604674936010177,OnTrack,8702.0,2592.0,530.0,29.933,10825.446
2026-08-23 15:07:09.260,0 days 03:00:26.483000,11,232.79305555555607,0 days 00:00:30.970000,11748.0,231.0,5,100.0,False,0,car,1776.5905555555553,0.4214143537795918,OnTrack,8545.882456079535,2037.5201490856623,544.2318495149392,30.97,10826.483
2026-08-23 15:07:10.180,0 days 03:00:27.403000,11,234.87083333333385,0 days 00:00:31.890000,10938.0,245.0,6,100.0,False,0,car,1837.9238888888888,0.4359628646624117,OnTrack,8204.935902682038,1491.9735454663285,555.1450162437037,31.89,10827.403
2026-08-23 15:07:11.260,0 days 03:00:28.483000,11,222.50416666666752,0 days 00:00:32.970000,11119.0,245.0,6,3.0,True,0,car,1912.8016666666665,0.4537241716985209,OnTrack,7856.8882611218805,832.8576718292237,541.3353192713294,32.97,10828.483
2026-08-23 15:07:11.882,0 days 03:00:29.105000,11,217.97249953777825,0 days 00:00:33.592000,11336.286239337931,212.39655503448276,5,3.3137862620689655,True,0,pos,1950.3380332114848,0.46262794730469714,OnTrack,7707.0,501.0,535.0,33.592,10829.105
2026-08-23 15:07:13.341,0 days 03:00:30.564000,11,223.38611111111163,0 days 00:00:35.051000,11090.0,186.0,4,68.0,False,0,car,2024.697777777778,0.48026637480034523,OnTrack,7080.306572076894,75.55573060752347,523.7160827715383,35.051,10830.564
2026-08-23 15:07:14.283,0 days 03:00:31.506000,11,222.6477763911116,0 days 00:00:35.993000,11946.0751168,200.64000256,4,100.0,False,0,pos,2075.819350568586,0.49239261542144197,OnTrack,6577.0,95.0,523.0,35.993,10831.506
2026-08-23 15:07:15.340,0 days 03:00:32.563000,11,204.30666666666684,0 days 00:00:37.050000,11877.0,201.0,4,4.0,True,0,car,2136.341944444444,0.5067488156767584,OnTrack,6011.776407015858,267.1298229089787,523.599873917898,37.05,10832.563
2026-08-23 15:07:16.323,0 days 03:00:33.546000,11,191.93722168888942,0 days 00:00:38.033000,11217.478813257143,144.1178550857143,4,0.0,True,0,pos,2180.436249031769,0.5172081602989173,OnTrack,5655.0,533.0,525.0,38.033,10833.546
2026-08-23 15:07:17.300,0 days 03:00:34.523000,11,187.79555555555635,0 days 00:00:39.010000,9526.0,114.0,2,0.0,False,0,car,2213.4641666666657,0.5250425138719853,OnTrack,5516.585979961322,771.1807545256315,521.917234711998,39.01,10834.523
2026-08-23 15:07:18.340,0 days 03:00:35.563000,11,189.77333333333354,0 days 00:00:40.050000,9583.0,108.0,2,44.0,False,0,car,2244.353055555555,0.5323694813093475,OnTrack,5624.88057134445,1061.2735698423073,522.1205680987348,40.05,10835.563
2026-08-23 15:07:19.380,0 days 03:00:36.603000,11,196.23999999999978,0 days 00:00:41.090000,10993.0,122.0,2,61.0,False,0,car,2277.7974999999997,0.5403026367001605,OnTrack,5876.45264792222,1257.0594103742146,521.9431165109884,41.09,10836.603
2026-08-23 15:07:20.243,0 days 03:00:37.466000,11,202.73333422222245,0 days 00:00:41.953000,10547.7751936,145.3250048,2,76.3875008,False,0,pos,2310.3090166092184,0.5480144978937398,OnTrack,6169.0,1377.0,523.0,41.953,10837.466
2026-08-23 15:07:21.223,0 days 03:00:38.446000,11,202.5716653866673,0 days 00:00:42.933000,10444.4357696,173.464288,3,92.3857024,False,0,pos,2354.613701261144,0.5585237455049102,OnTrack,6628.0,1459.0,523.0,42.933,10838.446
2026-08-23 15:07:22.283,0 days 03:00:39.506000,11,192.6791662044441,0 days 00:00:43.993000,10164.10526464,147.30999808,3,3.88499968,True,0,pos,2402.7782662370005,0.5699485720981307,OnTrack,7064.0,1563.0,526.0,43.993,10839.506
2026-08-23 15:07:23.343,0 days 03:00:40.566000,11,186.6344442133323,0 days 00:00:45.053000,10347.987425066667,122.43749866666667,2,1.0,False,0,pos,2441.7802437909845,0.5791999964714291,OnTrack,7391.0,1779.0,528.0,45.053,10840.566
2026-08-23 15:07:24.380,0 days 03:00:41.603000,11,184.5452777777764,0 days 00:00:46.090000,9273.0,109.0,2,0.0,False,0,car,2474.513888888889,0.5869645474269926,OnTrack,7454.685113148745,2069.5406181489498,527.8586374684512,46.09,10841.603
2026-08-23 15:07:25.322,0 days 03:00:42.545000,11,187.58861047110952,0 days 00:00:47.032000,9505.312408,107.6374992,2,42.6374992,False,0,pos,2502.2911702998376,0.593553429180835,OnTrack,7353.0,2312.0,529.0,47.032,10842.545
2026-08-23 15:07:26.300,0 days 03:00:43.523000,11,195.07861111111015,0 days 00:00:48.010000,10981.0,122.0,2,63.0,False,0,car,2533.6805555555557,0.600999116349278,OnTrack,7073.182927527667,2501.3833278522743,530.083526939725,48.01,10843.523
2026-08-23 15:07:27.283,0 days 03:00:44.506000,11,206.92055715555443,0 days 00:00:48.993000,11464.044347733334,151.18889386666666,2,83.27778133333334,False,0,pos,2571.7502072320035,0.6100293893121036,OnTrack,6663.0,2579.0,532.0,48.993,10844.506
2026-08-23 15:07:28.301,0 days 03:00:45.524000,11,218.52333333333127,0 days 00:00:50.011000,11675.0,190.0,4,100.0,False,0,car,2621.7163888888895,0.6218815665557148,OnTrack,6178.629169488763,2632.4690044982476,532.9387728032833,50.011,10845.524
2026-08-23 15:07:29.303,0 days 03:00:46.526000,11,225.9163891555544,0 days 00:00:51.013000,11665.22978304,232.50500224,5,100.0,False,0,pos,2681.896152500325,0.6361564461072337,OnTrack,5585.0,2626.0,536.0,51.013,10846.526
2026-08-23 15:07:30.340,0 days 03:00:47.563000,11,228.18166666666502,0 days 00:00:52.050000,11638.0,261.0,6,100.0,False,0,car,2753.9802777777777,0.6532550876465419,OnTrack,4843.744414602879,2513.7452081247293,539.4518860102612,52.05,10847.563
2026-08-23 15:07:31.220,0 days 03:00:48.443000,11,226.44833333333145,0 days 00:00:52.930000,10638.0,274.0,7,100.0,False,0,car,2819.780277777778,0.668863109648002,OnTrack,4226.57369378651,2353.4187458090064,546.4610996518945,52.93,10848.443
2026-08-23 15:07:32.222,0 days 03:00:49.445000,11,217.0927749333314,0 days 00:00:53.932000,10900.207156114286,280.0071433142857,7,99.89285028571429,False,0,pos,2897.336943454954,0.6872598595606045,OnTrack,3427.0,2086.0,552.0,53.932,10849.445
2026-08-23 15:07:33.283,0 days 03:00:50.506000,11,193.55305377777532,0 days 00:00:54.993000,8822.68784,218.6374848,7,0.0,True,0,pos,2972.154103160927,0.7050067877487135,OnTrack,2705.0,1803.0,534.0,54.993,10850.506
2026-08-23 15:07:34.283,0 days 03:00:51.506000,11,183.42916584888602,0 days 00:00:55.993000,10729.486385371429,139.9428534857143,7,0.0,True,0,pos,3016.974963649683,0.7156384743236812,OnTrack,2343.0,1634.0,524.0,55.993,10851.506
2026-08-23 15:07:35.301,0 days 03:00:52.524000,11,180.84749999999713,0 days 00:00:57.011000,9548.0,113.0,2,0.0,False,0,car,3051.3913888888897,0.7238021874292304,OnTrack,1996.8000544632246,1563.2718618151891,521.0659603245768,57.011,10852.524
2026-08-23 15:07:36.340,0 days 03:00:53.563000,11,180.47999999999774,0 days 00:00:58.050000,9453.0,114.0,2,0.0,True,0,car,3083.5383333333343,0.7314275706536773,OnTrack,1719.8466028883852,1778.5856156890395,514.0309708234328,58.05,10853.563
2026-08-23 15:07:37.220,0 days 03:00:54.443000,11,178.0355555555534,0 days 00:00:58.930000,8435.0,100.0,2,0.0,True,0,car,3108.9827777777787,0.7374630941902094,OnTrack,1471.4720555108836,1803.4103311107208,509.00326619507814,58.93,10854.443
2026-08-23 15:07:38.222,0 days 03:00:55.445000,11,179.51111167999787,0 days 00:00:59.932000,7672.528669257143,85.02142994285714,2,25.085719771428572,False,0,pos,3133.819388852244,0.7433544372311207,OnTrack,1280.0,1684.0,510.0,59.932,10855.445
2026-08-23 15:07:39.220,0 days 03:00:56.443000,11,185.6688888888866,0 days 00:01:00.930000,8971.0,99.0,2,49.0,False,0,car,3159.738333333334,0.7495025140657023,OnTrack,1206.3257569326088,1448.1903510095813,514.3494174847096,60.93,10856.443
2026-08-23 15:07:40.243,0 days 03:00:57.466000,11,195.8413900266646,0 days 00:01:01.953000,11536.19019776,135.64500608,2,83.5500032,False,0,pos,3194.367619411304,0.7577167186097724,OnTrack,1262.0,1050.0,512.0,61.953,10857.466
2026-08-23 15:07:41.283,0 days 03:00:58.506000,11,204.8897232533306,0 days 00:01:02.993000,10910.1682368,180.3250048,3,100.0,False,0,pos,3242.070233223101,0.7690319685474879,OnTrack,1337.0,624.0,513.0,62.993,10858.506
2026-08-23 15:07:42.263,0 days 03:00:59.486000,11,210.99916707550406,0 days 00:01:03.973000,10741.49869718129,211.93872045660694,4,100.0,False,0,pos,3297.1293169669243,0.7820922024449626,OnTrack,1426.0,113.0,513.0,63.973,10859.486
2026-08-23 15:07:43.303,0 days 03:01:00.526000,11,203.48166586666466,0 days 00:01:05.013000,10971.295661866667,221.56666453333332,5,27.912476799999997,False,0,pos,3361.540922458095,0.7973708917406394,OnTrack,1559.0,-587.0,512.0,65.013,10860.526
2026-08-23 15:07:44.362,0 days 03:01:01.585000,11,197.03583368888735,0 days 00:01:06.072000,11717.1064072,171.3937528,5,0.0,True,0,pos,3416.3054954383833,0.8103612665123248,OnTrack,1606.0,-1109.0,513.0,66.072,10861.585
2026-08-23 15:07:45.340,0 days 03:01:02.563000,11,200.18583333333163,0 days 00:01:07.050000,10955.0,153.0,3,39.0,False,0,car,3459.5108333333337,0.820609744695378,OnTrack,1400.0814162171448,-1472.551326002246,514.5809793699223,67.05,10862.563
2026-08-23 15:07:46.223,0 days 03:01:03.446000,11,208.36305697777627,0 days 00:01:07.933000,11961.3991936,167.0500032,3,83.03000192,False,0,pos,3498.7847486499713,0.8299256737887755,OnTrack,1050.0,-1602.0,518.0,67.933,10863.446
2026-08-23 15:07:47.301,0 days 03:01:04.524000,11,218.15194444444342,0 days 00:01:09.011000,10829.0,208.0,5,100.0,False,0,car,3556.1461111111107,0.8435320173651765,OnTrack,484.20126519577576,-1587.0973319390457,527.9699452151746,69.011,10864.524
2026-08-23 15:07:48.421,0 days 03:01:05.644000,11,224.24083333333192,0 days 00:01:10.131000,10759.0,241.0,6,100.0,False,0,car,3628.057222222222,0.8605896192553233,OnTrack,-122.63148994326265,-1462.0495909289664,540.6637268764453,70.131,10865.644
2026-08-23 15:07:49.420,0 days 03:01:06.643000,11,227.015833333332,0 days 00:01:11.130000,11654.0,260.0,6,100.0,False,0,car,3700.207222222222,0.8777038865411186,OnTrack,-691.0733689792199,-1083.886227269133,563.1854156459156,71.13,10866.643
2026-08-23 15:07:50.340,0 days 03:01:07.563000,11,228.63805555555427,0 days 00:01:12.050000,10599.0,272.0,7,100.0,False,0,car,3768.729444444444,0.8939576304929937,OnTrack,-1004.2745602862052,-491.9747907186609,579.4456890760194,72.05,10867.563
2026-08-23 15:07:51.362,0 days 03:01:08.585000,11,230.9930552355548,0 days 00:01:13.072000,10944.4499392,281.72999808,7,100.0,False,0,pos,3847.6345622604817,0.9126742386221809,OnTrack,-855.0,274.0,560.0,73.072,10868.585
2026-08-23 15:07:52.302,0 days 03:01:09.525000,11,233.74250028444456,0 days 00:01:14.012000,11533.3625552,296.2937528,7,100.0,False,0,pos,3923.4691053801284,0.9306624942070153,OnTrack,-537.0,1080.0,548.0,74.012,10869.525
2026-08-23 15:07:53.221,0 days 03:01:10.444000,11,234.5608333333339,0 days 00:01:14.931000,10825.0,310.0,8,100.0,False,0,car,4001.926388888888,0.949272874255336,OnTrack,-257.3668706502158,1804.7270765093033,539.6477030108321,74.931,10870.444
2026-08-23 15:07:54.221,0 days 03:01:11.444000,11,234.33861111111173,0 days 00:01:15.931000,11095.0,320.0,8,100.0,False,0,car,4089.9819444444433,0.9701600026514133,OnTrack,82.03819790609997,2684.8209922803876,537.0163847225647,75.931,10871.444
2026-08-23 15:07:55.263,0 days 03:01:12.486000,11,233.07194444444576,0 days 00:01:16.973000,11135.05014247574,324.9944286138066,8,100.0,False,0,pos,4183.651307187318,0.9923787484652966,OnTrack,404.0,3518.0,537.0,76.973,10872.486
