Date,RPM,Speed,nGear,Throttle,Brake,DRS,Source,Time,SessionTime,X,Y,Z,Distance,Time_seconds,SessionTime_seconds
2026-06-07 13:08:26.361,11600.0,261.0,6,100.0,False,0,car,0 days 00:00:00.014000,0 days 01:00:34.102000,-7675.0,-6389.0,503.0,0.0,0.014,3634.102
2026-06-07 13:08:26.641,11697.0,262.0,6,100.0,False,0,car,0 days 00:00:00.294000,0 days 01:00:34.382000,-7675.0,-6389.0,503.0,0.0,0.294,3634.382
2026-06-07 13:08:26.961,11739.0,263.0,6,100.0,False,0,car,0 days 00:00:00.614000,0 days 01:00:34.702000,-7674.0,-6082.0,503.0,307.001628660175,0.614,3634.702
2026-06-07 13:08:27.121,11739.0,266.0,6,100.0,False,0,car,0 days 00:00:00.774000,0 days 01:00:34.862000,-7674.0,-6082.0,503.0,307.001628660175,0.774,3634.862
2026-06-07 13:08:27.441,11525.0,264.0,6,100.0,True,0,car,0 days 00:00:01.094000,0 days 01:00:35.182000,-7659.0,-5861.0,503.0,528.5100935097153,1.094,3635.182
2026-06-07 13:08:27.601,11405.0,247.0,6,0.0,True,0,car,0 days 00:00:01.254000,0 days 01:00:35.342000,-7623.0,-5554.0,511.0,837.6136360322816,1.254,3635.342
2026-06-07 13:08:27.761,10396.0,236.0,6,0.0,True,0,car,0 days 00:00:01.414000,0 days 01:00:35.502000,-7623.0,-5554.0,511.0,837.6136360322816,1.414,3635.502
2026-06-07 13:08:28.162,11316.0,207.0,6,0.0,True,0,car,0 days 00:00:01.815000,0 days 01:00:35.903000,-7589.0,-5366.0,516.0,1028.6633677777097,1.815,3635.903
2026-06-07 13:08:28.482,11576.0,173.0,4,0.0,True,0,car,0 days 00:00:02.135000,0 days 01:00:36.223000,-7541.0,-5158.0,521.0,1242.129992803731,2.135,3636.223
2026-06-07 13:08:28.882,10661.0,146.0,3,0.0,True,0,car,0 days 00:00:02.535000,0 days 01:00:36.623000,-7513.0,-5050.0,523.0,1353.7005982515818,2.535,3636.623
2026-06-07 13:08:29.082,11020.0,136.0,2,0.0,True,0,car,0 days 00:00:02.735000,0 days 01:00:36.823000,-7494.0,-4983.0,525.0,1423.3425396375023,2.735,3636.823
2026-06-07 13:08:29.322,9901.0,118.0,2,0.0,True,0,car,0 days 00:00:02.975000,0 days 01:00:37.063000,-7468.0,-4901.0,529.0,1509.3657923079286,2.975,3637.063
2026-06-07 13:08:29.682,9105.0,110.0,2,0.0,True,0,car,0 days 00:00:03.335000,0 days 01:00:37.423000,-7416.0,-4772.0,535.0,1648.4520964503567,3.335,3637.423
2026-06-07 13:08:29.842,8998.0,106.0,2,0.0,False,0,car,0 days 00:00:03.495000,0 days 01:00:37.583000,-7404.0,-4751.0,535.0,1672.6388696952524,3.495,3637.583
2026-06-07 13:08:30.322,9100.0,103.0,2,18.0,False,0,car,0 days 00:00:03.975000,0 days 01:00:38.063000,-7255.0,-4641.0,539.0,1857.8441611963324,3.975,3638.063
2026-06-07 13:08:30.562,9372.0,105.0,2,36.0,False,0,car,0 days 00:00:04.215000,0 days 01:00:38.303000,-7168.0,-4618.0,543.0,1947.8330493992655,4.215,3638.303
2026-06-07 13:08:30.762,9742.0,106.0,2,48.0,False,0,car,0 days 00:00:04.415000,0 days 01:00:38.503000,-7168.0,-4618.0,543.0,1947.8330493992655,4.415,3638.503
2026-06-07 13:08:31.002,10370.0,115.0,2,59.0,False,0,car,0 days 00:00:04.655000,0 days 01:00:38.743000,-7088.0,-4605.0,547.0,2028.882417071074,4.655,3638.743
2026-06-07 13:08:31.322,11291.0,129.0,2,68.0,False,0,car,0 days 00:00:04.975000,0 days 01:00:39.063000,-7001.0,-4595.0,552.0,2116.4552439067998,4.975,3639.063
2026-06-07 13:08:31.761,10231.0,145.0,2,75.0,False,0,car,0 days 00:00:05.414000,0 days 01:00:39.502000,-6860.0,-4583.0,562.0,2257.964960887649,5.414,3639.502
2026-06-07 13:08:31.961,11176.0,155.0,3,87.0,False,0,car,0 days 00:00:05.614000,0 days 01:00:39.702000,-6719.0,-4570.0,574.0,2399.562983472712,5.614,3639.702
2026-06-07 13:08:32.361,10626.0,173.0,3,100.0,False,0,car,0 days 00:00:06.014000,0 days 01:00:40.102000,-6535.0,-4548.0,589.0,2584.873533631088,6.014,3640.102
2026-06-07 13:08:32.521,10749.0,182.0,4,100.0,False,0,car,0 days 00:00:06.174000,0 days 01:00:40.262000,-6535.0,-4548.0,589.0,2584.873533631088,6.174,3640.262
2026-06-07 13:08:32.761,11253.0,189.0,4,100.0,False,0,car,0 days 00:00:06.414000,0 days 01:00:40.502000,-6416.0,-4528.0,599.0,2705.542502301579,6.414,3640.502
2026-06-07 13:08:33.161,11255.0,202.0,4,100.0,False,0,car,0 days 00:00:06.814000,0 days 01:00:40.902000,-6120.0,-4460.0,625.0,3009.2528906652306,6.814,3640.902
2026-06-07 13:08:33.401,10611.0,212.0,5,100.0,False,0,car,0 days 00:00:07.054000,0 days 01:00:41.142000,-5821.0,-4387.0,652.0,3317.0352813246054,7.054,3641.142
2026-06-07 13:08:33.681,11017.0,217.0,5,100.0,False,0,car,0 days 00:00:07.334000,0 days 01:00:41.422000,-5821.0,-4387.0,652.0,3317.0352813246054,7.334,3641.422
2026-06-07 13:08:33.961,11255.0,224.0,5,100.0,False,0,car,0 days 00:00:07.614000,0 days 01:00:41.702000,-5616.0,-4335.0,671.0,3528.5275979699154,7.614,3641.702
2026-06-07 13:08:34.201,11497.0,231.0,5,100.0,False,0,car,0 days 00:00:07.854000,0 days 01:00:41.942000,-5346.0,-4266.0,697.0,3807.2048306244687,7.854,3641.942
2026-06-07 13:08:34.361,11287.0,231.0,5,100.0,False,0,car,0 days 00:00:08.014000,0 days 01:00:42.102000,-5346.0,-4266.0,697.0,3807.2048306244687,8.014,3642.102
2026-06-07 13:08:34.682,10567.0,237.0,6,100.0,False,0,car,0 days 00:00:08.335000,0 days 01:00:42.423000,-5179.0,-4231.0,712.0,3977.8330815092504,8.335,3642.423
2026-06-07 13:08:34.842,10781.0,240.0,6,100.0,False,0,car,0 days 00:00:08.495000,0 days 01:00:42.583000,-5179.0,-4231.0,712.0,3977.8330815092504,8.495,3642.583
2026-06-07 13:08:35.042,10874.0,243.0,6,100.0,False,0,car,0 days 00:00:08.695000,0 days 01:00:42.783000,-5034.0,-4212.0,726.0,4124.072611048975,8.695,3642.783
2026-06-07 13:08:35.282,10999.0,246.0,6,100.0,False,0,car,0 days 00:00:08.935000,0 days 01:00:43.023000,-4871.0,-4198.0,740.0,4287.672733298318,8.935,3643.023
2026-06-07 13:08:35.442,11052.0,248.0,6,100.0,False,0,car,0 days 00:00:09.095000,0 days 01:00:43.183000,-4683.0,-4174.0,759.0,4477.1984571460325,9.095,3643.183
2026-06-07 13:08:35.642,11191.0,249.0,6,100.0,False,0,car,0 days 00:00:09.295000,0 days 01:00:43.383000,-4580.0,-4148.0,768.0,4583.429337778737,9.295,3643.383
2026-06-07 13:08:35.922,11229.0,252.0,6,100.0,False,0,car,0 days 00:00:09.575000,0 days 01:00:43.663000,-4424.0,-4088.0,783.0,4750.569997104946,9.575,3643.663
2026-06-07 13:08:36.162,11268.0,254.0,6,100.0,False,0,car,0 days 00:00:09.815000,0 days 01:00:43.903000,-4255.0,-4003.0,796.0,4939.741876621961,9.815,3643.903
2026-06-07 13:08:36.402,11297.0,256.0,6,100.0,False,0,car,0 days 00:00:10.055000,0 days 01:00:44.143000,-4114.0,-3932.0,810.0,5097.608909279194,10.055,3644.143
2026-06-07 13:08:36.722,11451.0,258.0,6,100.0,False,0,car,0 days 00:00:10.375000,0 days 01:00:44.463000,-3891.0,-3840.0,828.0,5338.841162512464,10.375,3644.463
2026-06-07 13:08:37.082,11626.0,260.0,6,100.0,False,0,car,0 days 00:00:10.735000,0 days 01:00:44.823000,-3643.0,-3769.0,845.0,5596.804338179069,10.735,3644.823
2026-06-07 13:08:37.322,11568.0,260.0,6,100.0,False,0,car,0 days 00:00:10.975000,0 days 01:00:45.063000,-3529.0,-3747.0,851.0,5712.90774036867,10.975,3645.063
2026-06-07 13:08:37.562,11210.0,259.0,6,92.0,False,0,car,0 days 00:00:11.215000,0 days 01:00:45.303000,-3292.0,-3715.0,860.0,5952.05832054777,11.215,3645.303
2026-06-07 13:08:37.922,10916.0,240.0,6,0.0,True,0,car,0 days 00:00:11.575000,0 days 01:00:45.663000,-2938.0,-3664.0,861.0,6309.713182111261,11.575,3645.663
2026-06-07 13:08:38.162,11445.0,228.0,5,0.0,True,0,car,0 days 00:00:11.815000,0 days 01:00:45.903000,-2938.0,-3664.0,861.0,6309.713182111261,11.815,3645.903
2026-06-07 13:08:38.561,11817.0,205.0,5,0.0,True,0,car,0 days 00:00:12.214000,0 days 01:00:46.302000,-2599.0,-3532.0,864.0,6673.505705398917,12.214,3646.302
2026-06-07 13:08:38.921,10898.0,191.0,4,1.0,True,0,car,0 days 00:00:12.574000,0 days 01:00:46.662000,-2464.0,-3428.0,865.0,6843.919906685077,12.574,3646.662
2026-06-07 13:08:39.081,10475.0,182.0,4,1.0,True,0,car,0 days 00:00:12.734000,0 days 01:00:46.822000,-2374.0,-3325.0,866.0,6980.700753297459,12.734,3646.822
2026-06-07 13:08:39.321,11276.0,175.0,4,1.0,True,0,car,0 days 00:00:12.974000,0 days 01:00:47.062000,-2374.0,-3325.0,866.0,6980.700753297459,12.974,3647.062
2026-06-07 13:08:39.521,11483.0,170.0,3,1.0,True,0,car,0 days 00:00:13.174000,0 days 01:00:47.262000,-2311.0,-3211.0,868.0,7110.950513374014,13.174,3647.262
2026-06-07 13:08:40.441,10532.0,151.0,3,7.0,False,0,car,0 days 00:00:14.094000,0 days 01:00:48.182000,-2280.0,-2783.0,874.0,7540.071708376078,14.094,3648.182
2026-06-07 13:08:40.641,10363.0,149.0,3,14.0,False,0,car,0 days 00:00:14.294000,0 days 01:00:48.382000,-2336.0,-2616.0,884.0,7716.210857914164,14.294,3648.382
2026-06-07 13:08:40.881,10367.0,147.0,3,21.0,False,0,car,0 days 00:00:14.534000,0 days 01:00:48.622000,-2365.0,-2557.0,884.0,7781.952777569739,14.534,3648.622
2026-06-07 13:08:41.081,10317.0,146.0,3,27.0,False,0,car,0 days 00:00:14.734000,0 days 01:00:48.822000,-2365.0,-2557.0,884.0,7781.952777569739,14.734,3648.822
2026-06-07 13:08:41.322,10351.0,146.0,3,36.0,False,0,car,0 days 00:00:14.975000,0 days 01:00:49.063000,-2446.0,-2425.0,886.0,7936.8236915594225,14.975,3649.063
2026-06-07 13:08:41.602,10524.0,148.0,3,48.0,False,0,car,0 days 00:00:15.255000,0 days 01:00:49.343000,-2490.0,-2366.0,886.0,8010.423963298052,15.255,3649.343
2026-06-07 13:08:41.802,10562.0,152.0,3,55.0,False,0,car,0 days 00:00:15.455000,0 days 01:00:49.543000,-2575.0,-2262.0,885.0,8144.740753015495,15.455,3649.543
2026-06-07 13:08:42.162,9928.0,151.0,3,0.0,True,0,car,0 days 00:00:15.815000,0 days 01:00:49.903000,-2654.0,-2164.0,886.0,8270.617677032567,15.815,3649.903
2026-06-07 13:08:42.522,9422.0,138.0,3,0.0,True,0,car,0 days 00:00:16.175000,0 days 01:00:50.263000,-2726.0,-2037.0,889.0,8416.607402698452,16.175,3650.263
2026-06-07 13:08:42.802,9236.0,133.0,3,2.0,False,0,car,0 days 00:00:16.455000,0 days 01:00:50.543000,-2745.0,-1960.0,893.0,8495.916922934044,16.455,3650.543
2026-06-07 13:08:42.962,9109.0,131.0,3,7.0,False,0,car,0 days 00:00:16.615000,0 days 01:00:50.703000,-2736.0,-1823.0,895.0,8633.212225111503,16.615,3650.703
2026-06-07 13:08:43.242,9244.0,131.0,3,28.0,False,0,car,0 days 00:00:16.895000,0 days 01:00:50.983000,-2717.0,-1759.0,895.0,8699.972992033401,16.895,3650.983
2026-06-07 13:08:43.642,9461.0,134.0,3,39.0,False,0,car,0 days 00:00:17.295000,0 days 01:00:51.383000,-2691.0,-1698.0,894.0,8766.282870633802,17.295,3651.383
2026-06-07 13:08:44.002,9933.0,140.0,3,52.0,False,0,car,0 days 00:00:17.655000,0 days 01:00:51.743000,-2615.0,-1562.0,884.0,8922.077607387006,17.655,3651.743
2026-06-07 13:08:44.282,10988.0,145.0,3,61.0,False,0,car,0 days 00:00:17.935000,0 days 01:00:52.023000,-2568.0,-1495.0,876.0,9003.918917249446,17.935,3652.023
2026-06-07 13:08:44.522,10544.0,154.0,3,59.0,False,0,car,0 days 00:00:18.175000,0 days 01:00:52.263000,-2528.0,-1443.0,871.0,9069.523795116873,18.175,3652.263
2026-06-07 13:08:44.722,11096.0,162.0,3,71.0,False,0,car,0 days 00:00:18.375000,0 days 01:00:52.463000,-2444.0,-1345.0,863.0,9198.597417518973,18.375,3652.463
2026-06-07 13:08:44.882,12161.0,166.0,3,96.0,False,0,car,0 days 00:00:18.535000,0 days 01:00:52.623000,-2285.0,-1168.0,846.0,9436.525978225753,18.535,3652.623
2026-06-07 13:08:45.161,10910.0,179.0,3,100.0,False,0,car,0 days 00:00:18.814000,0 days 01:00:52.902000,-2285.0,-1168.0,846.0,9436.525978225753,18.814,3652.902
2026-06-07 13:08:45.441,11554.0,191.0,4,99.0,False,0,car,0 days 00:00:19.094000,0 days 01:00:53.182000,-2176.0,-1029.0,832.0,9613.166856846756,19.094,3653.182
2026-06-07 13:08:45.921,10588.0,211.0,5,96.0,False,0,car,0 days 00:00:19.574000,0 days 01:00:53.662000,-2066.0,-870.0,817.0,9806.508523333832,19.574,3653.662
2026-06-07 13:08:46.161,10014.0,204.0,5,0.0,True,0,car,0 days 00:00:19.814000,0 days 01:00:53.902000,-1968.0,-727.0,804.0,9979.866534397643,19.814,3653.902
2026-06-07 13:08:46.361,9952.0,188.0,5,0.0,True,0,car,0 days 00:00:20.014000,0 days 01:00:54.102000,-1968.0,-727.0,804.0,9979.866534397643,20.014,3654.102
2026-06-07 13:08:46.601,10890.0,163.0,5,0.0,True,0,car,0 days 00:00:20.254000,0 days 01:00:54.342000,-1821.0,-533.0,785.0,10223.26949247334,20.254,3654.342
2026-06-07 13:08:46.841,10684.0,147.0,3,0.0,True,0,car,0 days 00:00:20.494000,0 days 01:00:54.582000,-1748.0,-444.0,777.0,10338.378136805553,20.494,3654.582
2026-06-07 13:08:47.201,10611.0,126.0,2,0.0,True,0,car,0 days 00:00:20.854000,0 days 01:00:54.942000,-1678.0,-363.0,770.0,10445.434196886243,20.854,3654.942
2026-06-07 13:08:47.561,10934.0,104.0,2,0.0,True,0,car,0 days 00:00:21.214000,0 days 01:00:55.302000,-1584.0,-265.0,759.0,10581.228158460386,21.214,3655.302
2026-06-07 13:08:47.802,10707.0,95.0,1,0.0,True,0,car,0 days 00:00:21.455000,0 days 01:00:55.543000,-1544.0,-232.0,755.0,10633.083727110243,21.455,3655.543
2026-06-07 13:08:48.042,10186.0,89.0,1,0.0,True,0,car,0 days 00:00:21.695000,0 days 01:00:55.783000,-1511.0,-212.0,753.0,10671.671289873393,21.695,3655.783
2026-06-07 13:08:48.202,9516.0,87.0,1,0.0,True,0,car,0 days 00:00:21.855000,0 days 01:00:55.943000,-1469.0,-199.0,750.0,10715.637185747355,21.855,3655.943
2026-06-07 13:08:48.402,9252.0,84.0,1,0.0,True,0,car,0 days 00:00:22.055000,0 days 01:00:56.143000,-1469.0,-199.0,750.0,10715.637185747355,22.055,3656.143
2026-06-07 13:08:48.642,8849.0,80.0,1,0.0,True,0,car,0 days 00:00:22.295000,0 days 01:00:56.383000,-1406.0,-202.0,744.0,10778.708573872242,22.295,3656.383
2026-06-07 13:08:48.882,8573.0,79.0,1,0.0,False,0,car,0 days 00:00:22.535000,0 days 01:00:56.623000,-1344.0,-228.0,738.0,10845.939519128127,22.535,3656.623
2026-06-07 13:08:49.202,8317.0,74.0,1,1.0,False,0,car,0 days 00:00:22.855000,0 days 01:00:56.943000,-1290.0,-271.0,731.0,10914.968498549817,22.855,3656.943
2026-06-07 13:08:49.362,8737.0,73.0,1,5.0,False,0,car,0 days 00:00:23.015000,0 days 01:00:57.103000,-1263.0,-307.0,728.0,10959.968498549817,23.015,3657.103
2026-06-07 13:08:49.522,8764.0,75.0,1,15.0,False,0,car,0 days 00:00:23.175000,0 days 01:00:57.263000,-1263.0,-307.0,728.0,10959.968498549817,23.175,3657.263
2026-06-07 13:08:49.882,9441.0,79.0,1,39.0,False,0,car,0 days 00:00:23.535000,0 days 01:00:57.623000,-1229.0,-389.0,722.0,11048.737862634505,23.535,3657.623
2026-06-07 13:08:50.242,10660.0,91.0,1,50.0,False,0,car,0 days 00:00:23.895000,0 days 01:00:57.983000,-1210.0,-462.0,717.0,11124.16995129709,23.895,3657.983
2026-06-07 13:08:50.562,11967.0,102.0,1,58.0,False,0,car,0 days 00:00:24.215000,0 days 01:00:58.303000,-1185.0,-559.0,709.0,11224.339807042219,24.215,3658.303
2026-06-07 13:08:50.842,10987.0,110.0,1,65.0,False,0,car,0 days 00:00:24.495000,0 days 01:00:58.583000,-1168.0,-615.0,704.0,11282.863306595817,24.495,3658.583
2026-06-07 13:08:51.042,10932.0,126.0,2,73.0,False,0,car,0 days 00:00:24.695000,0 days 01:00:58.783000,-1129.0,-726.0,695.0,11400.515335902583,24.695,3658.783
2026-06-07 13:08:51.282,11828.0,131.0,2,71.0,False,0,car,0 days 00:00:24.935000,0 days 01:00:59.023000,-1086.0,-829.0,686.0,11512.130747024883,24.935,3659.023
2026-06-07 13:08:51.562,10863.0,129.0,2,0.0,True,0,car,0 days 00:00:25.215000,0 days 01:00:59.303000,-1020.0,-953.0,677.0,11652.601384526106,25.215,3659.303
2026-06-07 13:08:51.841,9779.0,111.0,2,0.0,True,0,car,0 days 00:00:25.494000,0 days 01:00:59.582000,-1020.0,-953.0,677.0,11652.601384526106,25.494,3659.582
2026-06-07 13:08:52.001,10899.0,99.0,2,0.0,True,0,car,0 days 00:00:25.654000,0 days 01:00:59.742000,-1020.0,-952.0,677.0,11653.601384526106,25.654,3659.742
2026-06-07 13:08:52.321,9427.0,83.0,1,0.0,True,0,car,0 days 00:00:25.974000,0 days 01:01:00.062000,-989.0,-1000.0,674.0,11710.741563034753,25.974,3660.062
2026-06-07 13:08:52.681,7754.0,72.0,1,0.0,True,0,car,0 days 00:00:26.334000,0 days 01:01:00.422000,-922.0,-1077.0,666.0,11812.810167414356,26.334,3660.422
2026-06-07 13:08:52.921,6967.0,64.0,1,0.0,True,0,car,0 days 00:00:26.574000,0 days 01:01:00.662000,-900.0,-1095.0,663.0,11841.23550822146,26.574,3660.662
2026-06-07 13:08:53.121,6510.0,60.0,1,0.0,True,0,car,0 days 00:00:26.774000,0 days 01:01:00.862000,-876.0,-1110.0,662.0,11869.537451617629,26.774,3660.862
2026-06-07 13:08:53.321,6234.0,56.0,1,0.0,True,0,car,0 days 00:00:26.974000,0 days 01:01:01.062000,-808.0,-1132.0,659.0,11941.007725158452,26.974,3661.062
2026-06-07 13:08:53.561,5659.0,54.0,1,0.0,True,0,car,0 days 00:00:27.214000,0 days 01:01:01.302000,-808.0,-1132.0,659.0,11941.007725158452,27.214,3661.302
2026-06-07 13:08:53.801,5194.0,50.0,1,0.0,False,0,car,0 days 00:00:27.454000,0 days 01:01:01.542000,-773.0,-1126.0,657.0,11976.518286967581,27.454,3661.542
2026-06-07 13:08:54.041,4979.0,49.0,1,0.0,False,0,car,0 days 00:00:27.694000,0 days 01:01:01.782000,-740.0,-1094.0,656.0,12022.485666705827,27.694,3661.782
2026-06-07 13:08:54.362,4875.0,47.0,1,1.0,False,0,car,0 days 00:00:28.015000,0 days 01:01:02.103000,-732.0,-1066.0,655.0,12051.606106262949,28.015,3662.103
2026-06-07 13:08:54.682,4788.0,46.0,1,5.0,False,0,car,0 days 00:00:28.335000,0 days 01:01:02.423000,-732.0,-1033.0,652.0,12084.606106262949,28.335,3662.423
2026-06-07 13:08:54.922,5218.0,46.0,1,8.0,False,0,car,0 days 00:00:28.575000,0 days 01:01:02.663000,-737.0,-1001.0,645.0,12116.994375744353,28.575,3662.663
2026-06-07 13:08:55.122,5938.0,49.0,1,9.0,False,0,car,0 days 00:00:28.775000,0 days 01:01:02.863000,-745.0,-975.0,644.0,12144.197316761823,28.775,3662.863
2026-06-07 13:08:55.322,6509.0,52.0,1,14.0,False,0,car,0 days 00:00:28.975000,0 days 01:01:03.063000,-764.0,-932.0,641.0,12191.207953855996,28.975,3663.063
2026-06-07 13:08:55.682,7444.0,59.0,1,24.0,False,0,car,0 days 00:00:29.335000,0 days 01:01:03.423000,-796.0,-881.0,637.0,12251.415926749956,29.335,3663.423
2026-06-07 13:08:56.082,8342.0,71.0,1,42.0,False,0,car,0 days 00:00:29.735000,0 days 01:01:03.823000,-829.0,-841.0,631.0,12303.271495399813,29.735,3663.823
2026-06-07 13:08:56.402,9752.0,88.0,1,48.0,False,0,car,0 days 00:00:30.055000,0 days 01:01:04.143000,-898.0,-767.0,621.0,12404.449556262829,30.055,3664.143
2026-06-07 13:08:56.722,10476.0,94.0,1,47.0,False,0,car,0 days 00:00:30.375000,0 days 01:01:04.463000,-957.0,-705.0,614.0,12490.035770105947,30.375,3664.463
2026-06-07 13:08:56.882,10369.0,92.0,1,0.0,True,0,car,0 days 00:00:30.535000,0 days 01:01:04.623000,-991.0,-661.0,611.0,12545.641525203779,30.535,3664.623
2026-06-07 13:08:57.042,9952.0,90.0,1,0.0,True,0,car,0 days 00:00:30.695000,0 days 01:01:04.783000,-1013.0,-618.0,608.0,12593.942663906711,30.695,3664.783
2026-06-07 13:08:57.322,9397.0,84.0,1,0.0,True,0,car,0 days 00:00:30.975000,0 days 01:01:05.063000,-1026.0,-574.0,606.0,12639.822942894529,30.975,3665.063
2026-06-07 13:08:57.522,9110.0,81.0,1,0.0,True,0,car,0 days 00:00:31.175000,0 days 01:01:05.263000,-1026.0,-507.0,604.0,12706.822942894529,31.175,3665.263
2026-06-07 13:08:57.762,8979.0,80.0,1,0.0,False,0,car,0 days 00:00:31.415000,0 days 01:01:05.503000,-1003.0,-445.0,596.0,12772.95160536399,31.415,3665.503
2026-06-07 13:08:58.082,8654.0,80.0,1,1.0,False,0,car,0 days 00:00:31.735000,0 days 01:01:05.823000,-950.0,-381.0,590.0,12856.04793500616,31.735,3665.823
2026-06-07 13:08:58.282,9126.0,78.0,1,16.0,False,0,car,0 days 00:00:31.935000,0 days 01:01:06.023000,-950.0,-381.0,590.0,12856.04793500616,31.935,3666.023
2026-06-07 13:08:58.482,9690.0,80.0,1,30.0,False,0,car,0 days 00:00:32.135000,0 days 01:01:06.223000,-891.0,-337.0,584.0,12929.648206744789,32.135,3666.223
2026-06-07 13:08:58.721,10282.0,87.0,1,41.0,False,0,car,0 days 00:00:32.374000,0 days 01:01:06.462000,-891.0,-337.0,584.0,12929.648206744789,32.374,3666.462
2026-06-07 13:08:59.121,11083.0,99.0,1,45.0,False,0,car,0 days 00:00:32.774000,0 days 01:01:06.862000,-788.0,-283.0,571.0,13045.945240240919,32.774,3666.862
2026-06-07 13:08:59.601,10211.0,118.0,2,57.0,True,0,car,0 days 00:00:33.254000,0 days 01:01:07.342000,-611.0,-211.0,560.0,13237.028991512449,33.254,3667.342
2026-06-07 13:08:59.841,9706.0,109.0,2,0.0,True,0,car,0 days 00:00:33.494000,0 days 01:01:07.582000,-558.0,-194.0,557.0,13292.68867171275,33.494,3667.582
2026-06-07 13:09:00.081,11386.0,105.0,1,0.0,True,0,car,0 days 00:00:33.734000,0 days 01:01:07.822000,-502.0,-180.0,555.0,13350.412150471398,33.734,3667.822
2026-06-07 13:09:00.361,10118.0,92.0,1,0.0,True,0,car,0 days 00:00:34.014000,0 days 01:01:08.102000,-422.0,-169.0,552.0,13431.164859404289,34.014,3668.102
2026-06-07 13:09:01.522,9156.0,78.0,1,13.0,False,0,car,0 days 00:00:35.175000,0 days 01:01:09.263000,-218.0,-328.0,545.0,13689.809403131776,35.175,3669.263
2026-06-07 13:09:01.802,9414.0,80.0,1,31.0,False,0,car,0 days 00:00:35.455000,0 days 01:01:09.543000,-203.0,-384.0,545.0,13747.783535294318,35.455,3669.543
2026-06-07 13:09:02.002,9834.0,83.0,1,44.0,False,0,car,0 days 00:00:35.655000,0 days 01:01:09.743000,-197.0,-416.0,545.0,13780.341176486518,35.655,3669.743
2026-06-07 13:09:02.322,10952.0,96.0,1,50.0,False,0,car,0 days 00:00:35.975000,0 days 01:01:10.063000,-190.0,-464.0,545.0,13828.848907829057,35.975,3670.063
2026-06-07 13:09:02.762,11929.0,109.0,1,60.0,False,0,car,0 days 00:00:36.415000,0 days 01:01:10.503000,-185.0,-608.0,545.0,13972.935687236468,36.415,3670.503
2026-06-07 13:09:02.962,10673.0,118.0,2,63.0,False,0,car,0 days 00:00:36.615000,0 days 01:01:10.703000,-188.0,-679.0,545.0,14043.999039254228,36.615,3670.703
2026-06-07 13:09:03.362,11429.0,138.0,2,80.0,False,0,car,0 days 00:00:37.015000,0 days 01:01:11.103000,-202.0,-833.0,545.0,14198.63409349485,37.015,3671.103
2026-06-07 13:09:03.722,11157.0,157.0,3,100.0,False,0,car,0 days 00:00:37.375000,0 days 01:01:11.463000,-215.0,-947.0,543.0,14313.37292737423,37.375,3671.463
2026-06-07 13:09:03.962,11870.0,167.0,3,100.0,False,0,car,0 days 00:00:37.615000,0 days 01:01:11.703000,-229.0,-1072.0,543.0,14439.154484050874,37.615,3671.703
2026-06-07 13:09:04.362,11072.0,184.0,4,100.0,False,0,car,0 days 00:00:38.015000,0 days 01:01:12.103000,-254.0,-1310.0,543.0,14678.463907183354,38.015,3672.103
2026-06-07 13:09:04.602,11611.0,197.0,4,100.0,False,0,car,0 days 00:00:38.255000,0 days 01:01:12.343000,-281.0,-1550.0,542.0,14919.9778819343,38.255,3672.343
2026-06-07 13:09:04.802,11018.0,203.0,4,100.0,False,0,car,0 days 00:00:38.455000,0 days 01:01:12.543000,-281.0,-1550.0,542.0,14919.9778819343,38.455,3672.543
2026-06-07 13:09:05.082,10766.0,207.0,5,100.0,False,0,car,0 days 00:00:38.735000,0 days 01:01:12.823000,-298.0,-1676.0,542.0,15047.11953521913,38.735,3672.823
2026-06-07 13:09:05.321,11117.0,219.0,5,100.0,False,0,car,0 days 00:00:38.974000,0 days 01:01:13.062000,-325.0,-1805.0,542.0,15178.914831038062,38.974,3673.062
2026-06-07 13:09:05.601,11416.0,227.0,5,100.0,False,0,car,0 days 00:00:39.254000,0 days 01:01:13.342000,-392.0,-2033.0,542.0,15416.555315804442,39.254,3673.342
2026-06-07 13:09:05.881,11031.0,232.0,5,100.0,False,0,car,0 days 00:00:39.534000,0 days 01:01:13.622000,-465.0,-2240.0,541.0,15636.050190459866,39.534,3673.622
2026-06-07 13:09:06.041,10617.0,235.0,6,100.0,False,0,car,0 days 00:00:39.694000,0 days 01:01:13.782000,-465.0,-2240.0,541.0,15636.050190459866,39.694,3673.782
2026-06-07 13:09:06.281,10699.0,239.0,6,100.0,False,0,car,0 days 00:00:39.934000,0 days 01:01:14.022000,-547.0,-2451.0,541.0,15862.423775491336,39.934,3674.022
2026-06-07 13:09:06.641,11072.0,246.0,6,100.0,False,0,car,0 days 00:00:40.294000,0 days 01:01:14.382000,-599.0,-2575.0,541.0,15996.885666003109,40.294,3674.382
2026-06-07 13:09:06.841,11027.0,249.0,6,100.0,False,0,car,0 days 00:00:40.494000,0 days 01:01:14.582000,-650.0,-2688.0,541.0,16120.861470094069,40.494,3674.582
2026-06-07 13:09:07.041,11197.0,250.0,6,100.0,False,0,car,0 days 00:00:40.694000,0 days 01:01:14.782000,-730.0,-2849.0,541.0,16300.641891720006,40.694,3674.782
2026-06-07 13:09:07.241,11228.0,251.0,6,100.0,False,0,car,0 days 00:00:40.894000,0 days 01:01:14.982000,-868.0,-3064.0,542.0,16556.119875115837,40.894,3674.982
2026-06-07 13:09:07.441,11310.0,253.0,6,100.0,False,0,car,0 days 00:00:41.094000,0 days 01:01:15.182000,-949.0,-3160.0,542.0,16681.726403608587,41.094,3675.182
2026-06-07 13:09:07.682,11360.0,255.0,6,100.0,False,0,car,0 days 00:00:41.335000,0 days 01:01:15.423000,-949.0,-3160.0,542.0,16681.726403608587,41.335,3675.423
2026-06-07 13:09:08.082,11517.0,257.0,6,100.0,False,0,car,0 days 00:00:41.735000,0 days 01:01:15.823000,-1220.0,-3388.0,543.0,17035.880324947884,41.735,3675.823
2026-06-07 13:09:08.322,11548.0,258.0,6,100.0,False,0,car,0 days 00:00:41.975000,0 days 01:01:16.063000,-1345.0,-3460.0,541.0,17180.133574478008,41.975,3676.063
2026-06-07 13:09:08.562,11584.0,261.0,6,100.0,False,0,car,0 days 00:00:42.215000,0 days 01:01:16.303000,-1490.0,-3531.0,541.0,17341.58325704196,42.215,3676.303
2026-06-07 13:09:08.882,11717.0,263.0,6,100.0,False,0,car,0 days 00:00:42.535000,0 days 01:01:16.623000,-1818.0,-3688.0,540.0,17705.221813853528,42.535,3676.623
2026-06-07 13:09:09.122,11794.0,265.0,6,100.0,False,0,car,0 days 00:00:42.775000,0 days 01:01:16.863000,-1962.0,-3761.0,541.0,17866.668399447648,42.775,3676.863
2026-06-07 13:09:09.282,11763.0,265.0,6,100.0,False,0,car,0 days 00:00:42.935000,0 days 01:01:17.023000,-1962.0,-3761.0,541.0,17866.668399447648,42.935,3677.023
2026-06-07 13:09:09.562,11834.0,267.0,6,100.0,False,0,car,0 days 00:00:43.215000,0 days 01:01:17.303000,-2093.0,-3828.0,541.0,18013.80778914327,43.215,3677.303
2026-06-07 13:09:09.962,11950.0,269.0,6,100.0,False,0,car,0 days 00:00:43.615000,0 days 01:01:17.703000,-2504.0,-4025.0,542.0,18469.58185597902,43.615,3677.703
2026-06-07 13:09:10.282,12022.0,271.0,6,100.0,False,0,car,0 days 00:00:43.935000,0 days 01:01:18.023000,-2656.0,-4088.0,543.0,18634.12060521457,43.935,3678.023
2026-06-07 13:09:10.522,12024.0,270.0,6,100.0,False,0,car,0 days 00:00:44.175000,0 days 01:01:18.263000,-2768.0,-4131.0,543.0,18754.091435002483,44.175,3678.263
2026-06-07 13:09:10.722,12010.0,270.0,6,100.0,False,0,car,0 days 00:00:44.375000,0 days 01:01:18.463000,-3083.0,-4232.0,540.0,19084.887444651933,44.375,3678.463
2026-06-07 13:09:11.002,12018.0,254.0,6,83.0,True,0,car,0 days 00:00:44.655000,0 days 01:01:18.743000,-3238.0,-4270.0,535.0,19244.477544595506,44.655,3678.743
2026-06-07 13:09:11.162,10898.0,244.0,6,0.0,True,0,car,0 days 00:00:44.815000,0 days 01:01:18.903000,-3238.0,-4270.0,535.0,19244.477544595506,44.815,3678.903
2026-06-07 13:09:11.402,10721.0,212.0,5,0.0,True,0,car,0 days 00:00:45.055000,0 days 01:01:19.143000,-3497.0,-4314.0,524.0,19507.188412280877,45.055,3679.143
2026-06-07 13:09:11.602,11535.0,191.0,5,0.0,True,0,car,0 days 00:00:45.255000,0 days 01:01:19.343000,-3694.0,-4336.0,514.0,19705.413032346096,45.255,3679.343
2026-06-07 13:09:12.081,10523.0,164.0,3,0.0,True,0,car,0 days 00:00:45.734000,0 days 01:01:19.822000,-3807.0,-4348.0,509.0,19819.048414160035,45.734,3679.822
2026-06-07 13:09:12.441,10702.0,125.0,2,0.0,True,0,car,0 days 00:00:46.094000,0 days 01:01:20.182000,-3903.0,-4358.0,504.0,19915.567842256143,46.094,3680.182
2026-06-07 13:09:12.761,9812.0,110.0,2,0.0,True,0,car,0 days 00:00:46.414000,0 days 01:01:20.502000,-4007.0,-4373.0,500.0,20020.64400510957,46.414,3680.502
2026-06-07 13:09:12.961,11212.0,102.0,1,0.0,True,0,car,0 days 00:00:46.614000,0 days 01:01:20.702000,-4063.0,-4384.0,498.0,20077.71413740309,46.614,3680.702
2026-06-07 13:09:13.201,10494.0,93.0,1,0.0,True,0,car,0 days 00:00:46.854000,0 days 01:01:20.942000,-4124.0,-4409.0,495.0,20143.63833629849,46.854,3680.942
2026-06-07 13:09:13.481,9445.0,93.0,1,0.0,True,0,car,0 days 00:00:47.134000,0 days 01:01:21.222000,-4184.0,-4477.0,493.0,20234.324608688526,47.134,3681.222
2026-06-07 13:09:13.721,9058.0,81.0,1,0.0,True,0,car,0 days 00:00:47.374000,0 days 01:01:21.462000,-4226.0,-4555.0,491.0,20322.913547049928,47.374,3681.462
2026-06-07 13:09:13.881,8610.0,79.0,1,0.0,True,0,car,0 days 00:00:47.534000,0 days 01:01:21.622000,-4226.0,-4555.0,491.0,20322.913547049928,47.534,3681.622
2026-06-07 13:09:14.042,8082.0,73.0,1,0.0,True,0,car,0 days 00:00:47.695000,0 days 01:01:21.783000,-4233.0,-4566.0,490.0,20335.951951860334,47.695,3681.783
2026-06-07 13:09:14.242,7662.0,72.0,1,0.0,True,0,car,0 days 00:00:47.895000,0 days 01:01:21.983000,-4256.0,-4594.0,490.0,20372.18729372432,47.895,3681.983
2026-06-07 13:09:14.522,7327.0,66.0,1,0.0,False,0,car,0 days 00:00:48.175000,0 days 01:01:22.263000,-4298.0,-4626.0,490.0,20424.988808854097,48.175,3682.263
2026-06-07 13:09:14.842,7859.0,65.0,1,8.0,False,0,car,0 days 00:00:48.495000,0 days 01:01:22.583000,-4371.0,-4648.0,490.0,20501.231841322646,48.495,3682.583
2026-06-07 13:09:15.002,7952.0,67.0,1,21.0,False,0,car,0 days 00:00:48.655000,0 days 01:01:22.743000,-4404.0,-4651.0,490.0,20534.367924374208,48.655,3682.743
2026-06-07 13:09:15.202,8263.0,72.0,1,27.0,False,0,car,0 days 00:00:48.855000,0 days 01:01:22.943000,-4435.0,-4650.0,490.0,20565.38404921275,48.855,3682.943
2026-06-07 13:09:15.402,8762.0,76.0,1,39.0,False,0,car,0 days 00:00:49.055000,0 days 01:01:23.143000,-4479.0,-4645.0,490.0,20609.66722886372,49.055,3683.143
2026-06-07 13:09:15.722,9951.0,87.0,1,50.0,False,0,car,0 days 00:00:49.375000,0 days 01:01:23.463000,-4522.0,-4636.0,490.0,20653.598994136697,49.375,3683.463
2026-06-07 13:09:15.922,10850.0,95.0,1,55.0,False,0,car,0 days 00:00:49.575000,0 days 01:01:23.663000,-4593.0,-4618.0,490.0,20726.84515444562,49.575,3683.663
2026-06-07 13:09:16.242,11619.0,106.0,1,63.0,False,0,car,0 days 00:00:49.895000,0 days 01:01:23.983000,-4679.0,-4602.0,490.0,20814.320865360136,49.895,3683.983
2026-06-07 13:09:16.402,10499.0,115.0,1,67.0,False,0,car,0 days 00:00:50.055000,0 days 01:01:24.143000,-4798.0,-4603.0,490.0,20933.325066966634,50.055,3684.143
2026-06-07 13:09:16.602,10525.0,124.0,2,69.0,False,0,car,0 days 00:00:50.255000,0 days 01:01:24.343000,-4798.0,-4603.0,490.0,20933.325066966634,50.255,3684.343
2026-06-07 13:09:16.962,11077.0,136.0,2,73.0,False,0,car,0 days 00:00:50.615000,0 days 01:01:24.703000,-4913.0,-4617.0,489.0,21049.174106669172,50.615,3684.703
2026-06-07 13:09:17.322,11042.0,150.0,3,87.0,False,0,car,0 days 00:00:50.975000,0 days 01:01:25.063000,-5101.0,-4647.0,489.0,21239.55267689177,50.975,3685.063
2026-06-07 13:09:17.762,10572.0,175.0,3,100.0,False,0,car,0 days 00:00:51.415000,0 days 01:01:25.503000,-5282.0,-4672.0,490.0,21422.271039406325,51.415,3685.503
2026-06-07 13:09:17.922,10830.0,183.0,4,100.0,False,0,car,0 days 00:00:51.575000,0 days 01:01:25.663000,-5400.0,-4688.0,490.0,21541.35084457916,51.575,3685.663
2026-06-07 13:09:18.082,11255.0,183.0,4,100.0,False,0,car,0 days 00:00:51.735000,0 days 01:01:25.823000,-5431.0,-4691.0,490.0,21572.495667583953,51.735,3685.823
2026-06-07 13:09:18.242,11651.0,196.0,4,100.0,False,0,car,0 days 00:00:51.895000,0 days 01:01:25.983000,-5646.0,-4718.0,489.0,21789.184384410648,51.895,3685.983
2026-06-07 13:09:18.562,10710.0,206.0,4,100.0,False,0,car,0 days 00:00:52.215000,0 days 01:01:26.303000,-5760.0,-4731.0,489.0,21903.923218290027,52.215,3686.303
2026-06-07 13:09:18.841,11006.0,214.0,5,100.0,False,0,car,0 days 00:00:52.494000,0 days 01:01:26.582000,-5889.0,-4745.0,490.0,22033.680684356532,52.494,3686.582
2026-06-07 13:09:19.121,11289.0,224.0,5,100.0,False,0,car,0 days 00:00:52.774000,0 days 01:01:26.862000,-6121.0,-4767.0,489.0,22266.721453321963,52.774,3686.862
2026-06-07 13:09:19.401,10864.0,220.0,5,0.0,True,0,car,0 days 00:00:53.054000,0 days 01:01:27.142000,-6326.0,-4783.0,489.0,22472.344895565304,53.054,3687.142
2026-06-07 13:09:19.601,11394.0,202.0,5,0.0,True,0,car,0 days 00:00:53.254000,0 days 01:01:27.342000,-6326.0,-4783.0,489.0,22472.344895565304,53.254,3687.342
2026-06-07 13:09:19.841,10864.0,193.0,4,0.0,True,0,car,0 days 00:00:53.494000,0 days 01:01:27.582000,-6448.0,-4790.0,490.0,22594.545550228035,53.494,3687.582
2026-06-07 13:09:20.121,11928.0,169.0,3,0.0,True,0,car,0 days 00:00:53.774000,0 days 01:01:27.862000,-6648.0,-4816.0,491.0,22796.2284696833,53.774,3687.862
2026-06-07 13:09:20.401,11153.0,163.0,3,0.0,False,0,car,0 days 00:00:54.054000,0 days 01:01:28.142000,-6785.0,-4884.0,490.0,22949.176173163934,54.054,3688.142
2026-06-07 13:09:20.642,10900.0,160.0,3,7.0,False,0,car,0 days 00:00:54.295000,0 days 01:01:28.383000,-6853.0,-4943.0,488.0,23039.20394665634,54.295,3688.383
2026-06-07 13:09:20.842,10779.0,153.0,3,18.0,False,0,car,0 days 00:00:54.495000,0 days 01:01:28.583000,-6853.0,-4943.0,488.0,23039.20394665634,54.495,3688.583
2026-06-07 13:09:21.242,11033.0,156.0,3,52.0,False,0,car,0 days 00:00:54.895000,0 days 01:01:28.983000,-6980.0,-5100.0,486.0,23241.13957996557,54.895,3688.983
2026-06-07 13:09:21.482,11400.0,161.0,3,64.0,False,0,car,0 days 00:00:55.135000,0 days 01:01:29.223000,-7061.0,-5239.0,484.0,23402.018416361163,55.135,3689.223
2026-06-07 13:09:21.802,10202.0,173.0,4,85.0,False,0,car,0 days 00:00:55.455000,0 days 01:01:29.543000,-7105.0,-5340.0,483.0,23512.1864698068,55.455,3689.543
2026-06-07 13:09:22.042,10985.0,181.0,4,98.0,False,0,car,0 days 00:00:55.695000,0 days 01:01:29.783000,-7145.0,-5459.0,483.0,23637.729291186595,55.695,3689.783
2026-06-07 13:09:22.322,11410.0,193.0,4,100.0,False,0,car,0 days 00:00:55.975000,0 days 01:01:30.063000,-7177.0,-5596.0,482.0,23778.416888365595,55.975,3690.063
2026-06-07 13:09:22.482,11784.0,197.0,4,100.0,False,0,car,0 days 00:00:56.135000,0 days 01:01:30.223000,-7205.0,-5775.0,482.0,23959.59359768553,56.135,3690.223
2026-06-07 13:09:22.722,11616.0,200.0,4,98.0,False,0,car,0 days 00:00:56.375000,0 days 01:01:30.463000,-7205.0,-5775.0,482.0,23959.59359768553,56.375,3690.463
2026-06-07 13:09:22.882,11056.0,208.0,5,82.0,False,0,car,0 days 00:00:56.535000,0 days 01:01:30.623000,-7220.0,-6016.0,482.0,24201.059951449362,56.535,3690.623
2026-06-07 13:09:23.122,10758.0,214.0,5,72.0,False,0,car,0 days 00:00:56.775000,0 days 01:01:30.863000,-7220.0,-6075.0,482.0,24260.059951449362,56.775,3690.863
2026-06-07 13:09:23.562,10934.0,215.0,5,62.0,False,0,car,0 days 00:00:57.215000,0 days 01:01:31.303000,-7192.0,-6278.0,482.0,24464.981887805625,57.215,3691.303
2026-06-07 13:09:23.962,10930.0,216.0,5,59.0,False,0,car,0 days 00:00:57.615000,0 days 01:01:31.703000,-7024.0,-6509.0,480.0,24750.61276848907,57.615,3691.703
2026-06-07 13:09:24.202,11203.0,220.0,5,76.0,False,0,car,0 days 00:00:57.855000,0 days 01:01:31.943000,-6937.0,-6709.0,480.0,24968.715955077438,57.855,3691.943
2026-06-07 13:09:24.482,11312.0,223.0,5,68.0,False,0,car,0 days 00:00:58.135000,0 days 01:01:32.223000,-6896.0,-6840.0,479.0,25105.982119881442,58.135,3692.223
2026-06-07 13:09:24.722,11411.0,226.0,5,73.0,False,0,car,0 days 00:00:58.375000,0 days 01:01:32.463000,-6846.0,-7021.0,479.0,25293.761245451886,58.375,3692.463
2026-06-07 13:09:25.002,11572.0,228.0,5,76.0,True,0,car,0 days 00:00:58.655000,0 days 01:01:32.743000,-6803.0,-7224.0,479.0,25501.265462276508,58.655,3692.743
2026-06-07 13:09:25.402,11226.0,194.0,5,0.0,True,0,car,0 days 00:00:59.055000,0 days 01:01:33.143000,-6786.0,-7324.0,479.0,25602.700170340366,59.055,3693.143
2026-06-07 13:09:25.681,11097.0,176.0,4,0.0,True,0,car,0 days 00:00:59.334000,0 days 01:01:33.422000,-6765.0,-7484.0,479.0,25764.072410828005,59.334,3693.422
2026-06-07 13:09:25.921,10831.0,158.0,3,0.0,True,0,car,0 days 00:00:59.574000,0 days 01:01:33.662000,-6758.0,-7557.0,479.0,25837.4072592972,59.574,3693.662
2026-06-07 13:09:26.081,10444.0,155.0,3,0.0,True,0,car,0 days 00:00:59.734000,0 days 01:01:33.822000,-6750.0,-7644.0,479.0,25924.77430113793,59.734,3693.822
2026-06-07 13:09:26.401,9777.0,141.0,3,0.0,True,0,car,0 days 00:01:00.054000,0 days 01:01:34.142000,-6745.0,-7788.0,479.0,26068.861080545343,60.054,3694.142
2026-06-07 13:09:26.601,9403.0,136.0,3,0.0,True,0,car,0 days 00:01:00.254000,0 days 01:01:34.342000,-6745.0,-7788.0,479.0,26068.861080545343,60.254,3694.342
2026-06-07 13:09:26.841,9484.0,131.0,3,0.0,True,0,car,0 days 00:01:00.494000,0 days 01:01:34.582000,-6756.0,-7891.0,479.0,26172.44679384597,60.494,3694.582
2026-06-07 13:09:27.121,10576.0,127.0,2,0.0,True,0,car,0 days 00:01:00.774000,0 days 01:01:34.862000,-6802.0,-7974.0,479.0,26267.34147230583,60.774,3694.862
2026-06-07 13:09:27.362,10081.0,121.0,2,0.0,True,0,car,0 days 00:01:01.015000,0 days 01:01:35.103000,-6896.0,-8110.0,479.0,26432.66539676929,61.015,3695.103
2026-06-07 13:09:27.842,10021.0,116.0,2,13.0,False,0,car,0 days 00:01:01.495000,0 days 01:01:35.583000,-6899.0,-8163.0,479.0,26485.750234529238,61.495,3695.583
2026-06-07 13:09:28.242,10586.0,119.0,2,48.0,False,0,car,0 days 00:01:01.895000,0 days 01:01:35.983000,-6883.0,-8307.0,478.0,26630.636396739435,61.895,3695.983
2026-06-07 13:09:28.642,11651.0,132.0,2,69.0,False,0,car,0 days 00:01:02.295000,0 days 01:01:36.383000,-6836.0,-8488.0,476.0,26817.63907051711,62.295,3696.383
2026-06-07 13:09:29.002,10569.0,144.0,2,85.0,False,0,car,0 days 00:01:02.655000,0 days 01:01:36.743000,-6802.0,-8581.0,476.0,26916.659270476513,62.655,3696.743
2026-06-07 13:09:29.282,11220.0,159.0,3,100.0,False,0,car,0 days 00:01:02.935000,0 days 01:01:37.023000,-6727.0,-8743.0,478.0,27095.178177038255,62.935,3697.023
2026-06-07 13:09:29.602,10582.0,178.0,3,100.0,False,0,car,0 days 00:01:03.255000,0 days 01:01:37.343000,-6669.0,-8841.0,478.0,27209.05530380215,63.255,3697.343
2026-06-07 13:09:29.842,11192.0,185.0,4,100.0,False,0,car,0 days 00:01:03.495000,0 days 01:01:37.583000,-6567.0,-8981.0,477.0,27382.271931179548,63.495,3697.583
2026-06-07 13:09:30.082,11421.0,190.0,4,100.0,False,0,car,0 days 00:01:03.735000,0 days 01:01:37.823000,-6511.0,-9044.0,477.0,27466.563093231096,63.735,3697.823
2026-06-07 13:09:30.242,11440.0,193.0,4,100.0,False,0,car,0 days 00:01:03.895000,0 days 01:01:37.983000,-6474.0,-9082.0,478.0,27519.600815655802,63.895,3697.983
2026-06-07 13:09:30.402,10654.0,169.0,4,0.0,True,0,car,0 days 00:01:04.055000,0 days 01:01:38.143000,-6326.0,-9191.0,479.0,27703.407779615278,64.055,3698.143
2026-06-07 13:09:30.682,10390.0,153.0,3,0.0,True,0,car,0 days 00:01:04.335000,0 days 01:01:38.423000,-6326.0,-9191.0,479.0,27703.407779615278,64.335,3698.423
2026-06-07 13:09:30.842,11323.0,138.0,3,0.0,True,0,car,0 days 00:01:04.495000,0 days 01:01:38.583000,-6197.0,-9264.0,479.0,27851.630584878167,64.495,3698.583
2026-06-07 13:09:31.162,10389.0,117.0,2,0.0,True,0,car,0 days 00:01:04.815000,0 days 01:01:38.903000,-6140.0,-9294.0,480.0,27916.04331653892,64.815,3698.903
2026-06-07 13:09:31.562,10521.0,96.0,1,0.0,True,0,car,0 days 00:01:05.215000,0 days 01:01:39.303000,-6013.0,-9373.0,482.0,28065.609355464872,65.215,3699.303
2026-06-07 13:09:31.842,9354.0,85.0,1,0.0,True,0,car,0 days 00:01:05.495000,0 days 01:01:39.583000,-5964.0,-9423.0,483.0,28135.61649795762,65.495,3699.583
2026-06-07 13:09:32.122,8413.0,77.0,1,0.0,True,0,car,0 days 00:01:05.775000,0 days 01:01:39.863000,-5941.0,-9464.0,483.0,28182.627135051793,65.775,3699.863
2026-06-07 13:09:32.281,8297.0,75.0,1,0.0,True,0,car,0 days 00:01:05.934000,0 days 01:01:40.022000,-5932.0,-9495.0,484.0,28214.90715983493,65.934,3700.022
2026-06-07 13:09:32.521,7676.0,69.0,1,0.0,True,0,car,0 days 00:01:06.174000,0 days 01:01:40.262000,-5932.0,-9562.0,486.0,28281.90715983493,66.174,3700.262
2026-06-07 13:09:32.921,6994.0,64.0,1,0.0,False,0,car,0 days 00:01:06.574000,0 days 01:01:40.662000,-5944.0,-9612.0,487.0,28333.327000363657,66.574,3700.662
2026-06-07 13:09:33.081,6994.0,60.0,1,0.0,False,0,car,0 days 00:01:06.734000,0 days 01:01:40.822000,-5953.0,-9635.0,488.0,28358.025178434113,66.734,3700.822
2026-06-07 13:09:33.281,6887.0,59.0,1,5.0,False,0,car,0 days 00:01:06.934000,0 days 01:01:41.022000,-5970.0,-9663.0,488.0,28390.781857142432,66.934,3701.022
2026-06-07 13:09:33.561,7455.0,60.0,1,8.0,False,0,car,0 days 00:01:07.214000,0 days 01:01:41.302000,-6028.0,-9715.0,491.0,28468.679225519034,67.214,3701.302
2026-06-07 13:09:33.842,7870.0,63.0,1,19.0,False,0,car,0 days 00:01:07.495000,0 days 01:01:41.583000,-6057.0,-9728.0,493.0,28500.459722683176,67.495,3701.583
2026-06-07 13:09:34.202,8433.0,74.0,1,41.0,False,0,car,0 days 00:01:07.855000,0 days 01:01:41.943000,-6134.0,-9750.0,497.0,28580.54093146526,67.855,3701.943
2026-06-07 13:09:34.362,9250.0,78.0,1,44.0,False,0,car,0 days 00:01:08.015000,0 days 01:01:42.103000,-6134.0,-9750.0,497.0,28580.54093146526,68.015,3702.103
2026-06-07 13:09:34.642,10030.0,88.0,1,50.0,False,0,car,0 days 00:01:08.295000,0 days 01:01:42.383000,-6222.0,-9763.0,502.0,28669.495976291284,68.295,3702.383
2026-06-07 13:09:34.842,11407.0,96.0,1,60.0,False,0,car,0 days 00:01:08.495000,0 days 01:01:42.583000,-6299.0,-9769.0,506.0,28746.72938874988,68.495,3702.583
2026-06-07 13:09:35.082,11209.0,104.0,1,65.0,False,0,car,0 days 00:01:08.735000,0 days 01:01:42.823000,-6299.0,-9769.0,506.0,28746.72938874988,68.735,3702.823
2026-06-07 13:09:35.282,9809.0,110.0,2,0.0,True,0,car,0 days 00:01:08.935000,0 days 01:01:43.023000,-6400.0,-9773.0,510.0,28847.80856563612,68.935,3703.023
2026-06-07 13:09:35.562,10089.0,99.0,2,0.0,True,0,car,0 days 00:01:09.215000,0 days 01:01:43.303000,-6463.0,-9772.0,513.0,28910.816501644214,69.215,3703.303
2026-06-07 13:09:35.882,9906.0,91.0,1,0.0,True,0,car,0 days 00:01:09.535000,0 days 01:01:43.623000,-6532.0,-9767.0,516.0,28979.997423869925,69.535,3703.623
2026-06-07 13:09:36.322,9515.0,83.0,1,3.0,False,0,car,0 days 00:01:09.975000,0 days 01:01:44.063000,-6650.0,-9744.0,520.0,29100.218054379002,69.975,3704.063
2026-06-07 13:09:36.522,9320.0,83.0,1,6.0,False,0,car,0 days 00:01:10.175000,0 days 01:01:44.263000,-6709.0,-9715.0,520.0,29165.959974034577,70.175,3704.263
2026-06-07 13:09:36.882,9792.0,80.0,1,16.0,False,0,car,0 days 00:01:10.535000,0 days 01:01:44.623000,-6737.0,-9688.0,519.0,29204.85727471213,70.535,3704.623
2026-06-07 13:09:37.042,9740.0,81.0,1,21.0,False,0,car,0 days 00:01:10.695000,0 days 01:01:44.783000,-6775.0,-9622.0,514.0,29281.01500577077,70.695,3704.783
2026-06-07 13:09:37.362,10646.0,87.0,1,41.0,False,0,car,0 days 00:01:11.015000,0 days 01:01:45.103000,-6785.0,-9595.0,512.0,29309.807365868546,71.015,3705.103
2026-06-07 13:09:37.642,11439.0,95.0,1,61.0,False,0,car,0 days 00:01:11.295000,0 days 01:01:45.383000,-6812.0,-9479.0,509.0,29428.90816351491,71.295,3705.383
2026-06-07 13:09:37.962,10399.0,113.0,1,68.0,False,0,car,0 days 00:01:11.615000,0 days 01:01:45.703000,-6822.0,-9432.0,509.0,29476.960218621844,71.615,3705.703
2026-06-07 13:09:38.242,11025.0,126.0,2,72.0,False,0,car,0 days 00:01:11.895000,0 days 01:01:45.983000,-6866.0,-9288.0,506.0,29627.532460419592,71.895,3705.983
2026-06-07 13:09:38.482,11104.0,137.0,2,93.0,False,0,car,0 days 00:01:12.135000,0 days 01:01:46.223000,-6908.0,-9207.0,506.0,29718.773898374064,72.135,3706.223
2026-06-07 13:09:38.762,11084.0,154.0,3,100.0,False,0,car,0 days 00:01:12.415000,0 days 01:01:46.503000,-6962.0,-9121.0,504.0,29820.321916572353,72.415,3706.503
2026-06-07 13:09:39.041,11490.0,169.0,3,100.0,False,0,car,0 days 00:01:12.694000,0 days 01:01:46.782000,-7020.0,-9039.0,503.0,29920.760952808272,72.694,3706.782
2026-06-07 13:09:39.321,10818.0,183.0,4,100.0,False,0,car,0 days 00:01:12.974000,0 days 01:01:47.062000,-7073.0,-8962.0,504.0,30014.238222772685,72.974,3707.062
2026-06-07 13:09:39.521,11345.0,191.0,4,100.0,False,0,car,0 days 00:01:13.174000,0 days 01:01:47.262000,-7146.0,-8841.0,504.0,30155.5534731882,73.174,3707.262
2026-06-07 13:09:39.721,11319.0,197.0,4,100.0,False,0,car,0 days 00:01:13.374000,0 days 01:01:47.462000,-7224.0,-8675.0,503.0,30338.965577477968,73.374,3707.462
2026-06-07 13:09:40.001,10509.0,209.0,5,100.0,False,0,car,0 days 00:01:13.654000,0 days 01:01:47.742000,-7277.0,-8535.0,502.0,30488.661936819135,73.654,3707.742
2026-06-07 13:09:40.402,11058.0,221.0,5,100.0,False,0,car,0 days 00:01:14.055000,0 days 01:01:48.143000,-7311.0,-8433.0,503.0,30596.17937726486,74.055,3708.143
2026-06-07 13:09:40.802,11566.0,231.0,5,100.0,False,0,car,0 days 00:01:14.455000,0 days 01:01:48.543000,-7439.0,-8000.0,502.0,31047.70235563916,74.455,3708.543
2026-06-07 13:09:40.962,11146.0,233.0,5,100.0,False,0,car,0 days 00:01:14.615000,0 days 01:01:48.703000,-7439.0,-8000.0,502.0,31047.70235563916,74.615,3708.703
2026-06-07 13:09:41.122,10580.0,237.0,5,100.0,False,0,car,0 days 00:01:14.775000,0 days 01:01:48.863000,-7463.0,-7912.0,502.0,31138.916389647093,74.775,3708.863
2026-06-07 13:09:41.282,10580.0,239.0,6,100.0,False,0,car,0 days 00:01:14.935000,0 days 01:01:49.023000,-7491.0,-7810.0,502.0,31244.689732224513,74.935,3709.023
2026-06-07 13:09:41.482,10895.0,243.0,6,100.0,False,0,car,0 days 00:01:15.135000,0 days 01:01:49.223000,-7553.0,-7561.0,502.0,31501.292538132788,75.135,3709.223
2026-06-07 13:09:41.722,11011.0,247.0,6,98.0,False,0,car,0 days 00:01:15.375000,0 days 01:01:49.463000,-7553.0,-7561.0,502.0,31501.292538132788,75.375,3709.463
2026-06-07 13:09:42.082,11194.0,251.0,6,100.0,False,0,car,0 days 00:01:15.735000,0 days 01:01:49.823000,-7595.0,-7344.0,503.0,31722.319685786646,75.735,3709.823
2026-06-07 13:09:42.442,11369.0,256.0,6,100.0,False,0,car,0 days 00:01:16.095000,0 days 01:01:50.183000,-7642.0,-6918.0,502.0,32150.904566527905,76.095,3710.183
2026-06-07 13:09:42.642,11469.0,258.0,6,100.0,False,0,car,0 days 00:01:16.295000,0 days 01:01:50.383000,-7659.0,-6665.0,502.0,32404.475069544325,76.295,3710.383
2026-06-07 13:09:42.882,11567.0,260.0,6,100.0,False,0,car,0 days 00:01:16.535000,0 days 01:01:50.623000,-7659.0,-6665.0,502.0,32404.475069544325,76.535,3710.623
