round,event,team,driver,phase,qualifying_seconds,team_mean_seconds,offset_seconds,weight
1,01_australia_grand_prix,Alpine,GAS,Q2,80.501,80.88550000000001,-0.38450000000000273,1
1,01_australia_grand_prix,Alpine,COL,Q2,81.27,80.88550000000001,0.3844999999999885,1
1,01_australia_grand_prix,Audi,BOR,Q2,80.221,80.262,-0.04099999999999682,1
1,01_australia_grand_prix,Audi,HUL,Q2,80.303,80.262,0.04099999999999682,1
1,01_australia_grand_prix,Cadillac,PER,Q1,82.605,82.9245,-0.3194999999999908,1
1,01_australia_grand_prix,Cadillac,BOT,Q1,83.244,82.9245,0.319500000000005,1
1,01_australia_grand_prix,Ferrari,LEC,Q3,79.327,79.4025,-0.07550000000000523,1
1,01_australia_grand_prix,Ferrari,HAM,Q3,79.478,79.4025,0.07549999999999102,1
1,01_australia_grand_prix,Haas F1 Team,BEA,Q2,80.311,80.40100000000001,-0.09000000000000341,1
1,01_australia_grand_prix,Haas F1 Team,OCO,Q2,80.491,80.40100000000001,0.0899999999999892,1
1,01_australia_grand_prix,McLaren,PIA,Q3,79.38,79.4275,-0.04749999999999943,1
1,01_australia_grand_prix,McLaren,NOR,Q3,79.475,79.4275,0.04749999999999943,1
1,01_australia_grand_prix,Mercedes,RUS,Q3,78.518,78.6645,-0.14650000000000318,1
1,01_australia_grand_prix,Mercedes,ANT,Q3,78.811,78.6645,0.14650000000000318,1
1,01_australia_grand_prix,Racing Bulls,LAW,Q3,79.994,80.62049999999999,-0.626499999999993,1
1,01_australia_grand_prix,Racing Bulls,LIN,Q3,81.247,80.62049999999999,0.6265000000000072,1
2,02_china_grand_prix,Alpine,GAS,Q2,93.003,93.18,-0.1770000000000067,2
2,02_china_grand_prix,Alpine,COL,Q2,93.357,93.18,0.1769999999999925,2
2,02_china_grand_prix,Aston Martin,ALO,Q1,95.203,95.599,-0.3960000000000008,2
2,02_china_grand_prix,Aston Martin,STR,Q1,95.995,95.599,0.3960000000000008,2
2,02_china_grand_prix,Audi,HUL,Q2,93.354,93.65950000000001,-0.3055000000000092,2
2,02_china_grand_prix,Audi,BOR,Q2,93.965,93.65950000000001,0.305499999999995,2
2,02_china_grand_prix,Cadillac,BOT,Q1,95.436,96.171,-0.7349999999999994,2
2,02_china_grand_prix,Cadillac,PER,Q1,96.906,96.171,0.7349999999999994,2
2,02_china_grand_prix,Ferrari,HAM,Q3,92.415,92.42150000000001,-0.006500000000002615,2
2,02_china_grand_prix,Ferrari,LEC,Q3,92.428,92.42150000000001,0.006499999999988404,2
2,02_china_grand_prix,Haas F1 Team,BEA,Q2,93.197,93.3675,-0.1705000000000041,2
2,02_china_grand_prix,Haas F1 Team,OCO,Q2,93.538,93.3675,0.17049999999998988,2
2,02_china_grand_prix,McLaren,PIA,Q3,92.55,92.57900000000001,-0.029000000000010573,2
2,02_china_grand_prix,McLaren,NOR,Q3,92.608,92.57900000000001,0.028999999999996362,2
2,02_china_grand_prix,Mercedes,ANT,Q3,92.064,92.175,-0.1110000000000042,2
2,02_china_grand_prix,Mercedes,RUS,Q3,92.286,92.175,0.1110000000000042,2
2,02_china_grand_prix,Racing Bulls,LAW,Q2,93.765,93.7745,-0.009500000000002728,2
2,02_china_grand_prix,Racing Bulls,LIN,Q2,93.784,93.7745,0.009500000000002728,2
2,02_china_grand_prix,Red Bull Racing,VER,Q3,93.002,93.0615,-0.059499999999999886,2
2,02_china_grand_prix,Red Bull Racing,HAD,Q3,93.121,93.0615,0.059499999999999886,2
2,02_china_grand_prix,Williams,SAI,Q1,94.317,94.5445,-0.22750000000000625,2
2,02_china_grand_prix,Williams,ALB,Q1,94.772,94.5445,0.22750000000000625,2
3,03_japan_grand_prix,Alpine,GAS,Q2,89.874,90.25049999999999,-0.37649999999999295,3
3,03_japan_grand_prix,Alpine,COL,Q2,90.627,90.25049999999999,0.37650000000000716,3
3,03_japan_grand_prix,Aston Martin,ALO,Q1,92.646,92.783,-0.13700000000000045,3
3,03_japan_grand_prix,Aston Martin,STR,Q1,92.92,92.783,0.13700000000000045,3
3,03_japan_grand_prix,Audi,BOR,Q2,89.99,90.1885,-0.1985000000000099,3
3,03_japan_grand_prix,Audi,HUL,Q2,90.387,90.1885,0.19849999999999568,3
3,03_japan_grand_prix,Cadillac,PER,Q1,92.206,92.268,-0.06199999999999761,3
3,03_japan_grand_prix,Cadillac,BOT,Q1,92.33,92.268,0.06199999999999761,3
3,03_japan_grand_prix,Ferrari,LEC,Q3,89.405,89.48599999999999,-0.08099999999998886,3
3,03_japan_grand_prix,Ferrari,HAM,Q3,89.567,89.48599999999999,0.08100000000000307,3
3,03_japan_grand_prix,Haas F1 Team,OCO,Q1,90.915,91.0025,-0.08749999999999147,3
3,03_japan_grand_prix,Haas F1 Team,BEA,Q1,91.09,91.0025,0.08750000000000568,3
3,03_japan_grand_prix,McLaren,PIA,Q3,89.132,89.2705,-0.1384999999999934,3
3,03_japan_grand_prix,McLaren,NOR,Q3,89.409,89.2705,0.13850000000000762,3
3,03_japan_grand_prix,Mercedes,ANT,Q3,88.778,88.92699999999999,-0.1489999999999867,3
3,03_japan_grand_prix,Mercedes,RUS,Q3,89.076,88.92699999999999,0.1490000000000009,3
3,03_japan_grand_prix,Racing Bulls,LIN,Q2,90.109,90.30199999999999,-0.19299999999999784,3
3,03_japan_grand_prix,Racing Bulls,LAW,Q2,90.495,90.30199999999999,0.19300000000001205,3
3,03_japan_grand_prix,Red Bull Racing,HAD,Q2,90.104,90.18299999999999,-0.07899999999999352,3
3,03_japan_grand_prix,Red Bull Racing,VER,Q2,90.262,90.18299999999999,0.07900000000000773,3
3,03_japan_grand_prix,Williams,SAI,Q1,90.927,91.0075,-0.08049999999998647,3
3,03_japan_grand_prix,Williams,ALB,Q1,91.088,91.0075,0.08050000000000068,3
4,04_miami_grand_prix,Alpine,COL,Q3,88.762,88.786,-0.02400000000000091,4
4,04_miami_grand_prix,Alpine,GAS,Q3,88.81,88.786,0.02400000000000091,4
4,04_miami_grand_prix,Aston Martin,ALO,Q1,91.098,91.131,-0.03300000000000125,4
4,04_miami_grand_prix,Aston Martin,STR,Q1,91.164,91.131,0.03300000000000125,4
4,04_miami_grand_prix,Audi,HUL,Q1,89.645,91.691,-2.0460000000000065,4
4,04_miami_grand_prix,Audi,BOR,Q1,93.737,91.691,2.0459999999999923,4
4,04_miami_grand_prix,Cadillac,BOT,Q1,91.629,91.798,-0.16899999999999693,4
4,04_miami_grand_prix,Cadillac,PER,Q1,91.967,91.798,0.16899999999999693,4
4,04_miami_grand_prix,Ferrari,LEC,Q3,88.143,88.231,-0.08799999999999386,4
4,04_miami_grand_prix,Ferrari,HAM,Q3,88.319,88.231,0.08800000000000807,4
4,04_miami_grand_prix,Haas F1 Team,BEA,Q2,89.567,89.6695,-0.10250000000000625,4
4,04_miami_grand_prix,Haas F1 Team,OCO,Q2,89.772,89.6695,0.10250000000000625,4
4,04_miami_grand_prix,McLaren,NOR,Q3,88.183,88.3415,-0.15849999999998943,4
4,04_miami_grand_prix,McLaren,PIA,Q3,88.5,88.3415,0.15850000000000364,4
4,04_miami_grand_prix,Mercedes,ANT,Q3,87.798,87.9975,-0.19950000000000045,4
4,04_miami_grand_prix,Mercedes,RUS,Q3,88.197,87.9975,0.19950000000000045,4
4,04_miami_grand_prix,Racing Bulls,LAW,Q1,89.595,89.864,-0.26900000000000546,4
4,04_miami_grand_prix,Racing Bulls,LIN,Q1,90.133,89.864,0.26899999999999125,4
4,04_miami_grand_prix,Williams,SAI,Q2,89.568,89.757,-0.18900000000000716,4
4,04_miami_grand_prix,Williams,ALB,Q2,89.946,89.757,0.18899999999999295,4
6,06_monaco_grand_prix,Alpine,GAS,Q2,73.762,73.8785,-0.11650000000000205,6
6,06_monaco_grand_prix,Alpine,COL,Q2,73.995,73.8785,0.11650000000000205,6
6,06_monaco_grand_prix,Aston Martin,ALO,Q1,75.349,75.70500000000001,-0.35600000000000875,6
6,06_monaco_grand_prix,Aston Martin,STR,Q1,76.061,75.70500000000001,0.35599999999999454,6
6,06_monaco_grand_prix,Audi,HUL,Q1,73.923,74.303,-0.37999999999999545,6
6,06_monaco_grand_prix,Audi,BOR,Q1,74.683,74.303,0.38000000000000966,6
6,06_monaco_grand_prix,Cadillac,PER,Q1,74.747,75.015,-0.2680000000000007,6
6,06_monaco_grand_prix,Cadillac,BOT,Q1,75.283,75.015,0.2680000000000007,6
6,06_monaco_grand_prix,Ferrari,HAM,Q3,72.279,72.315,-0.036000000000001364,6
6,06_monaco_grand_prix,Ferrari,LEC,Q3,72.351,72.315,0.036000000000001364,6
6,06_monaco_grand_prix,Haas F1 Team,OCO,Q1,74.722,74.768,-0.04600000000000648,6
6,06_monaco_grand_prix,Haas F1 Team,BEA,Q1,74.814,74.768,0.04599999999999227,6
6,06_monaco_grand_prix,McLaren,PIA,Q3,72.624,72.6945,-0.07050000000000978,6
6,06_monaco_grand_prix,McLaren,NOR,Q3,72.765,72.6945,0.07049999999999557,6
6,06_monaco_grand_prix,Mercedes,ANT,Q3,72.051,72.24799999999999,-0.19699999999998852,6
6,06_monaco_grand_prix,Mercedes,RUS,Q3,72.445,72.24799999999999,0.19700000000000273,6
6,06_monaco_grand_prix,Racing Bulls,LAW,Q2,73.471,73.8595,-0.3884999999999934,6
6,06_monaco_grand_prix,Racing Bulls,LIN,Q2,74.248,73.8595,0.3885000000000076,6
6,06_monaco_grand_prix,Red Bull Racing,VER,Q3,72.094,72.264,-0.1700000000000017,6
6,06_monaco_grand_prix,Red Bull Racing,HAD,Q3,72.434,72.264,0.1700000000000017,6
6,06_monaco_grand_prix,Williams,ALB,Q2,73.787,73.801,-0.013999999999995794,6
6,06_monaco_grand_prix,Williams,SAI,Q2,73.815,73.801,0.013999999999995794,6
7,07_barcelona_grand_prix,Alpine,COL,Q2,76.191,76.226,-0.03499999999999659,7
7,07_barcelona_grand_prix,Alpine,GAS,Q2,76.261,76.226,0.03499999999999659,7
7,07_barcelona_grand_prix,Aston Martin,STR,Q1,78.758,78.78649999999999,-0.028499999999993975,7
7,07_barcelona_grand_prix,Aston Martin,ALO,Q1,78.815,78.78649999999999,0.028500000000008185,7
7,07_barcelona_grand_prix,Audi,HUL,Q2,75.768,75.8845,-0.11650000000000205,7
7,07_barcelona_grand_prix,Audi,BOR,Q2,76.001,75.8845,0.11650000000000205,7
7,07_barcelona_grand_prix,Cadillac,PER,Q1,77.545,77.65100000000001,-0.10600000000000875,7
7,07_barcelona_grand_prix,Cadillac,BOT,Q1,77.757,77.65100000000001,0.10599999999999454,7
7,07_barcelona_grand_prix,Ferrari,HAM,Q2,75.418,75.3495,0.06850000000000023,7
7,07_barcelona_grand_prix,Ferrari,LEC,Q2,75.281,75.3495,-0.06850000000000023,7
7,07_barcelona_grand_prix,Haas F1 Team,BEA,Q1,76.571,76.822,-0.2510000000000048,7
7,07_barcelona_grand_prix,Haas F1 Team,OCO,Q1,77.073,76.822,0.25099999999999056,7
7,07_barcelona_grand_prix,McLaren,NOR,Q3,75.001,75.0455,-0.04449999999999932,7
7,07_barcelona_grand_prix,McLaren,PIA,Q3,75.09,75.0455,0.04449999999999932,7
7,07_barcelona_grand_prix,Mercedes,RUS,Q3,74.679,74.83850000000001,-0.1595000000000084,7
7,07_barcelona_grand_prix,Mercedes,ANT,Q3,74.998,74.83850000000001,0.1594999999999942,7
7,07_barcelona_grand_prix,Racing Bulls,LAW,Q2,75.585,75.7125,-0.12750000000001194,7
7,07_barcelona_grand_prix,Racing Bulls,LIN,Q2,75.84,75.7125,0.12749999999999773,7
7,07_barcelona_grand_prix,Red Bull Racing,VER,Q3,75.021,75.049,-0.028000000000005798,7
7,07_barcelona_grand_prix,Red Bull Racing,HAD,Q3,75.077,75.049,0.027999999999991587,7
7,07_barcelona_grand_prix,Williams,SAI,Q1,76.881,77.1525,-0.2715000000000032,7
7,07_barcelona_grand_prix,Williams,ALB,Q1,77.424,77.1525,0.2715000000000032,7
8,08_austrian_grand_prix,Alpine,GAS,Q2,67.223,67.697,-0.47400000000000375,8
8,08_austrian_grand_prix,Alpine,COL,Q2,68.171,67.697,0.47400000000000375,8
8,08_austrian_grand_prix,Aston Martin,ALO,Q1,69.942,70.1525,-0.21050000000001035,8
8,08_austrian_grand_prix,Aston Martin,STR,Q1,70.363,70.1525,0.21049999999999613,8
8,08_austrian_grand_prix,Audi,BOR,Q2,67.293,67.452,-0.15899999999999181,8
8,08_austrian_grand_prix,Audi,HUL,Q2,67.611,67.452,0.15900000000000603,8
8,08_austrian_grand_prix,Cadillac,PER,Q1,68.945,68.9875,-0.04250000000000398,8
8,08_austrian_grand_prix,Cadillac,BOT,Q1,69.03,68.9875,0.04250000000000398,8
8,08_austrian_grand_prix,Ferrari,LEC,Q3,66.349,66.3785,-0.02949999999999875,8
8,08_austrian_grand_prix,Ferrari,HAM,Q3,66.408,66.3785,0.02949999999999875,8
8,08_austrian_grand_prix,Haas F1 Team,BEA,Q2,67.523,67.66999999999999,-0.14699999999999136,8
8,08_austrian_grand_prix,Haas F1 Team,OCO,Q2,67.817,67.66999999999999,0.14700000000000557,8
8,08_austrian_grand_prix,McLaren,NOR,Q3,66.502,66.50649999999999,-0.004499999999993065,8
8,08_austrian_grand_prix,McLaren,PIA,Q3,66.511,66.50649999999999,0.004500000000007276,8
8,08_austrian_grand_prix,Mercedes,RUS,Q3,66.113,66.2635,-0.15049999999999386,8
8,08_austrian_grand_prix,Mercedes,ANT,Q3,66.414,66.2635,0.15050000000000807,8
8,08_austrian_grand_prix,Racing Bulls,LAW,Q3,66.955,66.981,-0.02599999999999625,8
8,08_austrian_grand_prix,Racing Bulls,LIN,Q3,67.007,66.981,0.02600000000001046,8
8,08_austrian_grand_prix,Red Bull Racing,VER,Q3,66.475,66.5535,-0.07850000000000534,8
8,08_austrian_grand_prix,Red Bull Racing,HAD,Q3,66.632,66.5535,0.07850000000000534,8
8,08_austrian_grand_prix,Williams,SAI,Q1,68.252,68.3805,-0.1285000000000025,8
8,08_austrian_grand_prix,Williams,ALB,Q1,68.509,68.3805,0.1285000000000025,8
9,09_british_grand_prix,Alpine,GAS,Q1,90.345,90.833,-0.48799999999999955,9
9,09_british_grand_prix,Alpine,COL,Q1,91.321,90.833,0.48799999999999955,9
9,09_british_grand_prix,Aston Martin,STR,Q1,92.863,92.944,-0.08100000000000307,9
9,09_british_grand_prix,Aston Martin,ALO,Q1,93.025,92.944,0.08100000000000307,9
9,09_british_grand_prix,Audi,BOR,Q2,89.461,89.76849999999999,-0.30749999999999034,9
9,09_british_grand_prix,Audi,HUL,Q2,90.076,89.76849999999999,0.30750000000000455,9
9,09_british_grand_prix,Cadillac,BOT,Q1,91.227,91.339,-0.11199999999999477,9
9,09_british_grand_prix,Cadillac,PER,Q1,91.451,91.339,0.11199999999999477,9
9,09_british_grand_prix,Ferrari,LEC,Q3,88.286,88.372,-0.08599999999999852,9
9,09_british_grand_prix,Ferrari,HAM,Q3,88.458,88.372,0.08599999999999852,9
9,09_british_grand_prix,Haas F1 Team,BEA,Q1,90.57,90.625,-0.05500000000000682,9
9,09_british_grand_prix,Haas F1 Team,OCO,Q1,90.68,90.625,0.05500000000000682,9
9,09_british_grand_prix,McLaren,NOR,Q3,88.877,88.9545,-0.07750000000000057,9
9,09_british_grand_prix,McLaren,PIA,Q3,89.032,88.9545,0.07750000000000057,9
9,09_british_grand_prix,Mercedes,ANT,Q3,88.111,88.29599999999999,-0.18499999999998806,9
9,09_british_grand_prix,Mercedes,RUS,Q3,88.481,88.29599999999999,0.18500000000000227,9
9,09_british_grand_prix,Racing Bulls,LIN,Q3,89.305,89.51050000000001,-0.20550000000000068,9
9,09_british_grand_prix,Racing Bulls,LAW,Q3,89.716,89.51050000000001,0.20549999999998647,9
9,09_british_grand_prix,Red Bull Racing,HAD,Q3,88.746,88.8195,-0.07350000000000989,9
9,09_british_grand_prix,Red Bull Racing,VER,Q3,88.893,88.8195,0.07349999999999568,9
9,09_british_grand_prix,Williams,SAI,Q2,90.623,90.982,-0.35899999999999466,9
9,09_british_grand_prix,Williams,ALB,Q2,91.341,90.982,0.35899999999999466,9
10,10_belgian_grand_prix,Alpine,GAS,Q2,106.331,106.3615,-0.030500000000003524,10
10,10_belgian_grand_prix,Alpine,COL,Q2,106.392,106.3615,0.030499999999989313,10
10,10_belgian_grand_prix,Aston Martin,ALO,Q1,110.002,110.0895,-0.08750000000000568,10
10,10_belgian_grand_prix,Aston Martin,STR,Q1,110.177,110.0895,0.08750000000000568,10
10,10_belgian_grand_prix,Audi,BOR,Q2,106.082,106.3765,-0.2944999999999993,10
10,10_belgian_grand_prix,Audi,HUL,Q2,106.671,106.3765,0.29450000000001353,10
10,10_belgian_grand_prix,Cadillac,BOT,Q1,107.823,107.89699999999999,-0.07399999999999807,10
10,10_belgian_grand_prix,Cadillac,PER,Q1,107.971,107.89699999999999,0.07400000000001228,10
10,10_belgian_grand_prix,Ferrari,LEC,Q3,104.893,104.894,-0.0010000000000047748,10
10,10_belgian_grand_prix,Ferrari,HAM,Q3,104.895,104.894,0.000999999999990564,10
10,10_belgian_grand_prix,Haas F1 Team,BEA,Q1,107.113,107.457,-0.3439999999999941,10
10,10_belgian_grand_prix,Haas F1 Team,OCO,Q1,107.801,107.457,0.3440000000000083,10
10,10_belgian_grand_prix,McLaren,NOR,Q3,104.801,104.9085,-0.1075000000000017,10
10,10_belgian_grand_prix,McLaren,PIA,Q3,105.016,104.9085,0.1075000000000017,10
10,10_belgian_grand_prix,Mercedes,ANT,Q3,104.361,104.61500000000001,-0.2540000000000049,10
10,10_belgian_grand_prix,Mercedes,RUS,Q3,104.869,104.61500000000001,0.2539999999999907,10
10,10_belgian_grand_prix,Racing Bulls,LIN,Q2,105.629,105.87450000000001,-0.24550000000000693,10
10,10_belgian_grand_prix,Racing Bulls,LAW,Q2,106.12,105.87450000000001,0.24549999999999272,10
10,10_belgian_grand_prix,Red Bull Racing,VER,Q2,105.589,105.70599999999999,-0.11699999999999022,10
10,10_belgian_grand_prix,Red Bull Racing,HAD,Q2,105.823,105.70599999999999,0.11700000000000443,10
10,10_belgian_grand_prix,Williams,SAI,Q1,107.08,107.1,-0.01999999999999602,10
10,10_belgian_grand_prix,Williams,ALB,Q1,107.12,107.1,0.020000000000010232,10
11,11_hungarian_grand_prix,Alpine,GAS,Q2,78.844,78.93549999999999,-0.09149999999999636,11
11,11_hungarian_grand_prix,Alpine,COL,Q2,79.027,78.93549999999999,0.09150000000001057,11
11,11_hungarian_grand_prix,Aston Martin,ALO,Q1,80.126,80.39250000000001,-0.26650000000000773,11
11,11_hungarian_grand_prix,Aston Martin,STR,Q1,80.659,80.39250000000001,0.2664999999999935,11
11,11_hungarian_grand_prix,Audi,HUL,Q2,78.639,78.872,-0.2330000000000041,11
11,11_hungarian_grand_prix,Audi,BOR,Q2,79.105,78.872,0.2330000000000041,11
11,11_hungarian_grand_prix,Cadillac,BOT,Q1,80.886,81.104,-0.21800000000000352,11
11,11_hungarian_grand_prix,Cadillac,PER,Q1,81.322,81.104,0.21800000000000352,11
11,11_hungarian_grand_prix,Ferrari,HAM,Q3,77.219,77.332,-0.11299999999999955,11
11,11_hungarian_grand_prix,Ferrari,LEC,Q3,77.445,77.332,0.11299999999999955,11
11,11_hungarian_grand_prix,Haas F1 Team,OCO,Q1,80.01,80.1215,-0.11149999999999238,11
11,11_hungarian_grand_prix,Haas F1 Team,BEA,Q1,80.233,80.1215,0.1115000000000066,11
11,11_hungarian_grand_prix,McLaren,NOR,Q3,77.207,77.4455,-0.23850000000000193,11
11,11_hungarian_grand_prix,McLaren,PIA,Q3,77.684,77.4455,0.23850000000000193,11
11,11_hungarian_grand_prix,Mercedes,ANT,Q3,77.479,77.6195,-0.14050000000000296,11
11,11_hungarian_grand_prix,Mercedes,RUS,Q3,77.76,77.6195,0.14050000000000296,11
11,11_hungarian_grand_prix,Racing Bulls,LIN,Q2,78.36,78.5625,-0.20250000000000057,11
11,11_hungarian_grand_prix,Racing Bulls,LAW,Q2,78.765,78.5625,0.20250000000000057,11
11,11_hungarian_grand_prix,Red Bull Racing,VER,Q3,77.725,77.7905,-0.06550000000000011,11
11,11_hungarian_grand_prix,Red Bull Racing,HAD,Q3,77.856,77.7905,0.06550000000000011,11
11,11_hungarian_grand_prix,Williams,SAI,Q1,80.621,80.6395,-0.01850000000000307,11
11,11_hungarian_grand_prix,Williams,ALB,Q1,80.658,80.6395,0.01850000000000307,11
13,13_italian_grand_prix,Alpine,GAS,Q3,81.786,82.003,-0.21699999999999875,13
13,13_italian_grand_prix,Alpine,COL,Q3,82.22,82.003,0.21699999999999875,13
13,13_italian_grand_prix,Aston Martin,ALO,Q1,85.15,85.186,-0.036000000000001364,13
13,13_italian_grand_prix,Aston Martin,STR,Q1,85.222,85.186,0.03599999999998715,13
13,13_italian_grand_prix,Audi,BOR,Q2,82.517,82.648,-0.13100000000000023,13
13,13_italian_grand_prix,Audi,HUL,Q2,82.779,82.648,0.13100000000000023,13
13,13_italian_grand_prix,Cadillac,BOT,Q1,84.364,84.4795,-0.11549999999999727,13
13,13_italian_grand_prix,Cadillac,PER,Q1,84.595,84.4795,0.11549999999999727,13
13,13_italian_grand_prix,Ferrari,LEC,Q3,82.004,82.0075,-0.0034999999999882903,13
13,13_italian_grand_prix,Ferrari,HAM,Q3,82.011,82.0075,0.003500000000002501,13
13,13_italian_grand_prix,Haas F1 Team,BEA,Q2,82.756,83.10499999999999,-0.34899999999998954,13
13,13_italian_grand_prix,Haas F1 Team,OCO,Q2,83.454,83.10499999999999,0.34900000000000375,13
13,13_italian_grand_prix,McLaren,PIA,Q3,81.966,82.11099999999999,-0.14499999999999602,13
13,13_italian_grand_prix,McLaren,NOR,Q3,82.256,82.11099999999999,0.14500000000001023,13
13,13_italian_grand_prix,Mercedes,RUS,Q3,81.846,81.96950000000001,-0.12350000000000705,13
13,13_italian_grand_prix,Mercedes,ANT,Q3,82.093,81.96950000000001,0.12349999999999284,13
13,13_italian_grand_prix,Racing Bulls,LIN,Q1,82.727,83.241,-0.5139999999999958,13
13,13_italian_grand_prix,Racing Bulls,TSU,Q1,83.755,83.241,0.5139999999999958,13
13,13_italian_grand_prix,Red Bull Racing,VER,Q2,82.188,82.50450000000001,-0.3165000000000049,13
13,13_italian_grand_prix,Red Bull Racing,LAW,Q2,82.821,82.50450000000001,0.3164999999999907,13
13,13_italian_grand_prix,Williams,SAI,Q1,83.616,83.98599999999999,-0.36999999999999034,13
13,13_italian_grand_prix,Williams,ALB,Q1,84.356,83.98599999999999,0.37000000000000455,13
14,14_madrid_grand_prix,Alpine,COL,Q2,93.038,93.3955,-0.3575000000000017,14
14,14_madrid_grand_prix,Alpine,GAS,Q2,93.753,93.3955,0.3575000000000017,14
14,14_madrid_grand_prix,Audi,HUL,Q2,93.223,93.3055,-0.08249999999999602,14
14,14_madrid_grand_prix,Audi,BOR,Q2,93.388,93.3055,0.08250000000001023,14
14,14_madrid_grand_prix,Cadillac,PER,Q1,95.913,96.96199999999999,-1.0489999999999924,14
14,14_madrid_grand_prix,Cadillac,BOT,Q1,98.011,96.96199999999999,1.0490000000000066,14
14,14_madrid_grand_prix,Ferrari,HAM,Q3,92.013,92.016,-0.0030000000000001137,14
14,14_madrid_grand_prix,Ferrari,LEC,Q3,92.019,92.016,0.0030000000000001137,14
14,14_madrid_grand_prix,McLaren,NOR,Q3,91.824,92.059,-0.23499999999999943,14
14,14_madrid_grand_prix,McLaren,PIA,Q3,92.294,92.059,0.23499999999999943,14
14,14_madrid_grand_prix,Mercedes,ANT,Q3,91.835,91.99199999999999,-0.15699999999999648,14
14,14_madrid_grand_prix,Mercedes,RUS,Q3,92.149,91.99199999999999,0.1570000000000107,14
14,14_madrid_grand_prix,Racing Bulls,LIN,Q2,93.204,93.644,-0.44000000000001194,14
14,14_madrid_grand_prix,Racing Bulls,TSU,Q2,94.084,93.644,0.4399999999999977,14
14,14_madrid_grand_prix,Red Bull Racing,VER,Q3,91.964,92.14,-0.17600000000000193,14
14,14_madrid_grand_prix,Red Bull Racing,LAW,Q3,92.316,92.14,0.17600000000000193,14
14,14_madrid_grand_prix,Williams,ALB,Q1,95.307,95.3095,-0.0024999999999977263,14
14,14_madrid_grand_prix,Williams,SAI,Q1,95.312,95.3095,0.0024999999999977263,14
15,15_azerbaijan_grand_prix,Alpine,GAS,Q3,104.047,104.505,-0.4579999999999984,15
15,15_azerbaijan_grand_prix,Alpine,COL,Q3,104.963,104.505,0.4579999999999984,15
15,15_azerbaijan_grand_prix,Aston Martin,ALO,Q1,106.593,106.965,-0.3719999999999999,15
15,15_azerbaijan_grand_prix,Aston Martin,STR,Q1,107.337,106.965,0.3719999999999999,15
15,15_azerbaijan_grand_prix,Audi,BOR,Q1,105.799,105.8595,-0.06049999999999045,15
15,15_azerbaijan_grand_prix,Audi,HUL,Q1,105.92,105.8595,0.06050000000000466,15
15,15_azerbaijan_grand_prix,Cadillac,PER,Q1,106.658,107.474,-0.8160000000000025,15
15,15_azerbaijan_grand_prix,Cadillac,BOT,Q1,108.29,107.474,0.8160000000000025,15
15,15_azerbaijan_grand_prix,Ferrari,LEC,Q3,103.363,103.6105,-0.24750000000000227,15
15,15_azerbaijan_grand_prix,Ferrari,HAM,Q3,103.858,103.6105,0.24750000000000227,15
15,15_azerbaijan_grand_prix,Haas F1 Team,BEA,Q2,104.775,104.8955,-0.12049999999999272,15
15,15_azerbaijan_grand_prix,Haas F1 Team,OCO,Q2,105.016,104.8955,0.12050000000000693,15
15,15_azerbaijan_grand_prix,McLaren,PIA,Q3,103.364,103.518,-0.15399999999999636,15
15,15_azerbaijan_grand_prix,McLaren,NOR,Q3,103.672,103.518,0.15399999999999636,15
15,15_azerbaijan_grand_prix,Racing Bulls,LAW,Q2,104.86,104.983,-0.12300000000000466,15
15,15_azerbaijan_grand_prix,Racing Bulls,LIN,Q2,105.106,104.983,0.12299999999999045,15
15,15_azerbaijan_grand_prix,Red Bull Racing,HAD,Q3,103.5,103.79050000000001,-0.29050000000000864,15
15,15_azerbaijan_grand_prix,Red Bull Racing,VER,Q3,104.081,103.79050000000001,0.29049999999999443,15
15,15_azerbaijan_grand_prix,Williams,SAI,Q2,104.629,104.815,-0.18599999999999284,15
15,15_azerbaijan_grand_prix,Williams,ALB,Q2,105.001,104.815,0.18600000000000705,15
