predicted_rank,driver,driver_name,driver_number,team,predicted_qualifying_seconds,team_baseline_seconds,projected_team_pace_pct_vs_mercedes,driver_offset_to_team_mean_seconds,paired_qualifying_samples,driver_offset_source_rounds,target_date,scenario,data_cutoff_utc,predicted_qualifying_time,gap_to_predicted_pole_seconds
1,ANT,Kimi Antonelli,12,Mercedes,94.93270437644331,95.00685210371604,0.0,-0.07414772727272685,12,"1,2,3,4,6,7,8,9,10,11,13,14",2026-10-03,dry,2026-10-02T10:00:00+00:00,1:34.933,0.0
2,LEC,Charles Leclerc,16,Ferrari,95.0647200554995,95.10757442443155,0.10601584884166,-0.04285436893203809,13,"1,2,3,4,6,7,8,9,10,11,13,14,15",2026-10-03,dry,2026-10-02T10:00:00+00:00,1:35.065,0.13201567905619527
3,RUS,George Russell,63,Mercedes,95.08099983098877,95.00685210371604,0.0,0.07414772727272685,12,"1,2,3,4,6,7,8,9,10,11,13,14",2026-10-03,dry,2026-10-02T10:00:00+00:00,1:35.081,0.14829545454546178
4,HAM,Lewis Hamilton,44,Ferrari,95.15042879336359,95.10757442443155,0.10601584884166,0.04285436893203809,13,"1,2,3,4,6,7,8,9,10,11,13,14,15",2026-10-03,dry,2026-10-02T10:00:00+00:00,1:35.150,0.21772441692027655
5,VER,Max Verstappen,3,Red Bull Racing,95.32872709097344,95.34525849367537,0.3561915614148562,-0.01653140270192567,11,"2,3,6,7,8,9,10,11,13,14,15",2026-10-03,dry,2026-10-02T10:00:00+00:00,1:35.329,0.39602271453013316
6,HAD,Isack Hadjar,6,Red Bull Racing,95.3617898963773,95.34525849367537,0.3561915614148562,0.016531402701925664,9,"2,3,6,7,8,9,10,11,15",2026-10-03,dry,2026-10-02T10:00:00+00:00,1:35.362,0.4290855199339916
7,NOR,Lando Norris,1,McLaren,95.38809482360725,95.42235210516064,0.437336878597986,-0.03425728155339813,13,"1,2,3,4,6,7,8,9,10,11,13,14,15",2026-10-03,dry,2026-10-02T10:00:00+00:00,1:35.388,0.4553904471639356
8,PIA,Oscar Piastri,81,McLaren,95.45660938671404,95.42235210516064,0.437336878597986,0.03425728155339813,13,"1,2,3,4,6,7,8,9,10,11,13,14,15",2026-10-03,dry,2026-10-02T10:00:00+00:00,1:35.457,0.5239050102707239
9,GAS,Pierre Gasly,10,Alpine,96.49784429095932,96.65714040746417,1.7370202961219716,-0.1592961165048543,13,"1,2,3,4,6,7,8,9,10,11,13,14,15",2026-10-03,dry,2026-10-02T10:00:00+00:00,1:36.498,1.5651399145160099
10,HUL,Nico Hulkenberg,27,Audi,96.61476973948704,96.66697362298218,1.747370302779668,-0.052203883495146756,13,"1,2,3,4,6,7,8,9,10,11,13,14,15",2026-10-03,dry,2026-10-02T10:00:00+00:00,1:36.615,1.6820653630437334
11,LIN,Arvid Lindblad,41,Racing Bulls,96.64621835494735,96.70985012551455,1.79250020823699,-0.06363177056719417,13,"1,2,3,4,6,7,8,9,10,11,13,14,15",2026-10-03,dry,2026-10-02T10:00:00+00:00,1:36.646,1.7135139785040394
12,BOR,Gabriel Bortoleto,5,Audi,96.71917750647734,96.66697362298218,1.747370302779668,0.052203883495146756,13,"1,2,3,4,6,7,8,9,10,11,13,14,15",2026-10-03,dry,2026-10-02T10:00:00+00:00,1:36.719,1.7864731300340253
13,LAW,Liam Lawson,30,Racing Bulls,96.77348189608175,96.70985012551455,1.79250020823699,0.06363177056719417,11,"1,2,3,4,6,7,8,9,10,11,15",2026-10-03,dry,2026-10-02T10:00:00+00:00,1:36.773,1.8407775196384364
14,COL,Franco Colapinto,43,Alpine,96.81643652396902,96.65714040746417,1.7370202961219716,0.1592961165048543,13,"1,2,3,4,6,7,8,9,10,11,13,14,15",2026-10-03,dry,2026-10-02T10:00:00+00:00,1:36.816,1.8837321475257056
15,BEA,Oliver Bearman,87,Haas F1 Team,97.06947971240449,97.20755274611236,2.316359918960238,-0.1380730337078655,12,"1,2,3,4,6,7,8,9,10,11,13,15",2026-10-03,dry,2026-10-02T10:00:00+00:00,1:37.069,2.1367753359611754
16,OCO,Esteban Ocon,31,Haas F1 Team,97.34562577982022,97.20755274611236,2.316359918960238,0.1380730337078655,12,"1,2,3,4,6,7,8,9,10,11,13,15",2026-10-03,dry,2026-10-02T10:00:00+00:00,1:37.346,2.412921403376913
17,SAI,Carlos Sainz,55,Williams,97.41322689946001,97.56515337004825,2.692754480002537,-0.15192647058823605,12,"2,3,4,6,7,8,9,10,11,13,14,15",2026-10-03,dry,2026-10-02T10:00:00+00:00,1:37.413,2.4805225230167025
18,ALB,Alexander Albon,23,Williams,97.71707984063649,97.56515337004825,2.692754480002537,0.15192647058823605,12,"2,3,4,6,7,8,9,10,11,13,14,15",2026-10-03,dry,2026-10-02T10:00:00+00:00,1:37.717,2.7843754641931753
19,ALO,Fernando Alonso,14,Aston Martin,98.81145602518873,98.9714673888251,4.172978261379519,-0.1600113636363636,11,"2,3,4,6,7,8,9,10,11,13,15",2026-10-03,dry,2026-10-02T10:00:00+00:00,1:38.811,3.878751648745421
20,PER,Sergio Perez,11,Cadillac,98.9943351980371,99.21111189706623,4.425217445117025,-0.21677669902912694,13,"1,2,3,4,6,7,8,9,10,11,13,14,15",2026-10-03,dry,2026-10-02T10:00:00+00:00,1:38.994,4.061630821593795
21,STR,Lance Stroll,18,Aston Martin,99.13147875246146,98.9714673888251,4.172978261379519,0.1600113636363636,11,"2,3,4,6,7,8,9,10,11,13,15",2026-10-03,dry,2026-10-02T10:00:00+00:00,1:39.131,4.19877437601815
22,BOT,Valtteri Bottas,77,Cadillac,99.42788859609536,99.21111189706623,4.425217445117025,0.21677669902912694,13,"1,2,3,4,6,7,8,9,10,11,13,14,15",2026-10-03,dry,2026-10-02T10:00:00+00:00,1:39.428,4.495184219652046
