event,circuit,team,category,weighted_speed_delta_vs_mercedes_pct,time_weight_seconds,segment_count,segments,variant,event_order,calibration_included,session,baseline_drivers,quality_status
fastf1_2026_australia_grand_prix,Albert Park Circuit,Alpine,Slow corners,3.183,22.184712947583503,3,"seg_02, seg_04, seg_10",interpolated,1,True,,,
fastf1_2026_australia_grand_prix,Albert Park Circuit,Aston Martin,Slow corners,1.05,22.184712947583503,3,"seg_02, seg_04, seg_10",interpolated,1,True,,,
fastf1_2026_australia_grand_prix,Albert Park Circuit,Audi,Slow corners,0.349,22.184712947583503,3,"seg_02, seg_04, seg_10",interpolated,1,True,,,
fastf1_2026_australia_grand_prix,Albert Park Circuit,Cadillac,Slow corners,7.117,22.184712947583503,3,"seg_02, seg_04, seg_10",interpolated,1,True,,,
fastf1_2026_australia_grand_prix,Albert Park Circuit,Ferrari,Slow corners,-0.493,22.184712947583503,3,"seg_02, seg_04, seg_10",interpolated,1,True,,,
fastf1_2026_australia_grand_prix,Albert Park Circuit,Haas F1 Team,Slow corners,3.229,22.184712947583503,3,"seg_02, seg_04, seg_10",interpolated,1,True,,,
fastf1_2026_australia_grand_prix,Albert Park Circuit,McLaren,Slow corners,-0.333,22.184712947583503,3,"seg_02, seg_04, seg_10",interpolated,1,True,,,
fastf1_2026_australia_grand_prix,Albert Park Circuit,Mercedes,Slow corners,0.0,22.184712947583503,3,"seg_02, seg_04, seg_10",interpolated,1,True,,,
fastf1_2026_australia_grand_prix,Albert Park Circuit,Racing Bulls,Slow corners,2.532,22.184712947583503,3,"seg_02, seg_04, seg_10",interpolated,1,True,,,
fastf1_2026_australia_grand_prix,Albert Park Circuit,Red Bull Racing,Slow corners,1.082,22.184712947583503,3,"seg_02, seg_04, seg_10",interpolated,1,True,,,
fastf1_2026_australia_grand_prix,Albert Park Circuit,Williams,Slow corners,2.09,22.184712947583503,3,"seg_02, seg_04, seg_10",interpolated,1,True,,,
fastf1_2026_australia_grand_prix,Albert Park Circuit,Alpine,Fast corners,2.662,25.346431899064346,3,"seg_05, seg_07, seg_09",interpolated,1,True,,,
fastf1_2026_australia_grand_prix,Albert Park Circuit,Aston Martin,Fast corners,4.497,25.346431899064346,3,"seg_05, seg_07, seg_09",interpolated,1,True,,,
fastf1_2026_australia_grand_prix,Albert Park Circuit,Audi,Fast corners,1.089,25.346431899064346,3,"seg_05, seg_07, seg_09",interpolated,1,True,,,
fastf1_2026_australia_grand_prix,Albert Park Circuit,Cadillac,Fast corners,8.518,25.346431899064346,3,"seg_05, seg_07, seg_09",interpolated,1,True,,,
fastf1_2026_australia_grand_prix,Albert Park Circuit,Ferrari,Fast corners,0.801,25.346431899064346,3,"seg_05, seg_07, seg_09",interpolated,1,True,,,
fastf1_2026_australia_grand_prix,Albert Park Circuit,Haas F1 Team,Fast corners,3.113,25.346431899064346,3,"seg_05, seg_07, seg_09",interpolated,1,True,,,
fastf1_2026_australia_grand_prix,Albert Park Circuit,McLaren,Fast corners,0.184,25.346431899064346,3,"seg_05, seg_07, seg_09",interpolated,1,True,,,
fastf1_2026_australia_grand_prix,Albert Park Circuit,Mercedes,Fast corners,0.0,25.346431899064346,3,"seg_05, seg_07, seg_09",interpolated,1,True,,,
fastf1_2026_australia_grand_prix,Albert Park Circuit,Racing Bulls,Fast corners,3.574,25.346431899064346,3,"seg_05, seg_07, seg_09",interpolated,1,True,,,
fastf1_2026_australia_grand_prix,Albert Park Circuit,Red Bull Racing,Fast corners,2.927,25.346431899064346,3,"seg_05, seg_07, seg_09",interpolated,1,True,,,
fastf1_2026_australia_grand_prix,Albert Park Circuit,Williams,Fast corners,3.193,25.346431899064346,3,"seg_05, seg_07, seg_09",interpolated,1,True,,,
fastf1_2026_australia_grand_prix,Albert Park Circuit,Alpine,Straights,0.55,35.07318848668552,5,"seg_01, seg_03, seg_06, seg_08, seg_11",interpolated,1,True,,,
fastf1_2026_australia_grand_prix,Albert Park Circuit,Aston Martin,Straights,5.211,35.07318848668552,5,"seg_01, seg_03, seg_06, seg_08, seg_11",interpolated,1,True,,,
fastf1_2026_australia_grand_prix,Albert Park Circuit,Audi,Straights,1.313,35.07318848668552,5,"seg_01, seg_03, seg_06, seg_08, seg_11",interpolated,1,True,,,
fastf1_2026_australia_grand_prix,Albert Park Circuit,Cadillac,Straights,2.893,35.07318848668552,5,"seg_01, seg_03, seg_06, seg_08, seg_11",interpolated,1,True,,,
fastf1_2026_australia_grand_prix,Albert Park Circuit,Ferrari,Straights,-0.306,35.07318848668552,5,"seg_01, seg_03, seg_06, seg_08, seg_11",interpolated,1,True,,,
fastf1_2026_australia_grand_prix,Albert Park Circuit,Haas F1 Team,Straights,0.85,35.07318848668552,5,"seg_01, seg_03, seg_06, seg_08, seg_11",interpolated,1,True,,,
fastf1_2026_australia_grand_prix,Albert Park Circuit,McLaren,Straights,0.358,35.07318848668552,5,"seg_01, seg_03, seg_06, seg_08, seg_11",interpolated,1,True,,,
fastf1_2026_australia_grand_prix,Albert Park Circuit,Mercedes,Straights,0.0,35.07318848668552,5,"seg_01, seg_03, seg_06, seg_08, seg_11",interpolated,1,True,,,
fastf1_2026_australia_grand_prix,Albert Park Circuit,Racing Bulls,Straights,0.163,35.07318848668552,5,"seg_01, seg_03, seg_06, seg_08, seg_11",interpolated,1,True,,,
fastf1_2026_australia_grand_prix,Albert Park Circuit,Red Bull Racing,Straights,0.995,35.07318848668552,5,"seg_01, seg_03, seg_06, seg_08, seg_11",interpolated,1,True,,,
fastf1_2026_australia_grand_prix,Albert Park Circuit,Williams,Straights,1.117,35.07318848668552,5,"seg_01, seg_03, seg_06, seg_08, seg_11",interpolated,1,True,,,
fastf1_2026_china_grand_prix,Shanghai International Circuit,Alpine,Slow corners,2.414,40.69476874290403,5,"seg_03, seg_05, seg_07, seg_09, seg_12",interpolated,2,True,,,
fastf1_2026_china_grand_prix,Shanghai International Circuit,Aston Martin,Slow corners,5.171,40.69476874290403,5,"seg_03, seg_05, seg_07, seg_09, seg_12",interpolated,2,True,,,
fastf1_2026_china_grand_prix,Shanghai International Circuit,Audi,Slow corners,1.922,40.69476874290403,5,"seg_03, seg_05, seg_07, seg_09, seg_12",interpolated,2,True,,,
fastf1_2026_china_grand_prix,Shanghai International Circuit,Cadillac,Slow corners,4.81,40.69476874290403,5,"seg_03, seg_05, seg_07, seg_09, seg_12",interpolated,2,True,,,
fastf1_2026_china_grand_prix,Shanghai International Circuit,Ferrari,Slow corners,1.351,40.69476874290403,5,"seg_03, seg_05, seg_07, seg_09, seg_12",interpolated,2,True,,,
fastf1_2026_china_grand_prix,Shanghai International Circuit,Haas F1 Team,Slow corners,1.68,40.69476874290403,5,"seg_03, seg_05, seg_07, seg_09, seg_12",interpolated,2,True,,,
fastf1_2026_china_grand_prix,Shanghai International Circuit,Mercedes,Slow corners,0.0,40.69476874290403,5,"seg_03, seg_05, seg_07, seg_09, seg_12",interpolated,2,True,,,
fastf1_2026_china_grand_prix,Shanghai International Circuit,Racing Bulls,Slow corners,1.687,40.69476874290403,5,"seg_03, seg_05, seg_07, seg_09, seg_12",interpolated,2,True,,,
fastf1_2026_china_grand_prix,Shanghai International Circuit,Red Bull Racing,Slow corners,3.301,40.69476874290403,5,"seg_03, seg_05, seg_07, seg_09, seg_12",interpolated,2,True,,,
fastf1_2026_china_grand_prix,Shanghai International Circuit,Williams,Slow corners,2.752,40.69476874290403,5,"seg_03, seg_05, seg_07, seg_09, seg_12",interpolated,2,True,,,
fastf1_2026_china_grand_prix,Shanghai International Circuit,Alpine,Fast corners,1.495,25.761268979158984,4,"seg_02, seg_06, seg_10, seg_13",interpolated,2,True,,,
fastf1_2026_china_grand_prix,Shanghai International Circuit,Aston Martin,Fast corners,6.306,25.761268979158984,4,"seg_02, seg_06, seg_10, seg_13",interpolated,2,True,,,
fastf1_2026_china_grand_prix,Shanghai International Circuit,Audi,Fast corners,1.474,25.761268979158984,4,"seg_02, seg_06, seg_10, seg_13",interpolated,2,True,,,
fastf1_2026_china_grand_prix,Shanghai International Circuit,Cadillac,Fast corners,4.94,25.761268979158984,4,"seg_02, seg_06, seg_10, seg_13",interpolated,2,True,,,
fastf1_2026_china_grand_prix,Shanghai International Circuit,Ferrari,Fast corners,0.316,25.761268979158984,4,"seg_02, seg_06, seg_10, seg_13",interpolated,2,True,,,
fastf1_2026_china_grand_prix,Shanghai International Circuit,Haas F1 Team,Fast corners,0.894,25.761268979158984,4,"seg_02, seg_06, seg_10, seg_13",interpolated,2,True,,,
fastf1_2026_china_grand_prix,Shanghai International Circuit,Mercedes,Fast corners,0.0,25.761268979158984,4,"seg_02, seg_06, seg_10, seg_13",interpolated,2,True,,,
fastf1_2026_china_grand_prix,Shanghai International Circuit,Racing Bulls,Fast corners,2.042,25.761268979158984,4,"seg_02, seg_06, seg_10, seg_13",interpolated,2,True,,,
fastf1_2026_china_grand_prix,Shanghai International Circuit,Red Bull Racing,Fast corners,3.099,25.761268979158984,4,"seg_02, seg_06, seg_10, seg_13",interpolated,2,True,,,
fastf1_2026_china_grand_prix,Shanghai International Circuit,Williams,Fast corners,3.05,25.761268979158984,4,"seg_02, seg_06, seg_10, seg_13",interpolated,2,True,,,
fastf1_2026_china_grand_prix,Shanghai International Circuit,Alpine,Straights,0.136,28.907562277937014,5,"seg_01, seg_04, seg_08, seg_11, seg_14",interpolated,2,True,,,
fastf1_2026_china_grand_prix,Shanghai International Circuit,Aston Martin,Straights,3.46,28.907562277937014,5,"seg_01, seg_04, seg_08, seg_11, seg_14",interpolated,2,True,,,
fastf1_2026_china_grand_prix,Shanghai International Circuit,Audi,Straights,-0.564,28.907562277937014,5,"seg_01, seg_04, seg_08, seg_11, seg_14",interpolated,2,True,,,
fastf1_2026_china_grand_prix,Shanghai International Circuit,Cadillac,Straights,-0.22,28.907562277937014,5,"seg_01, seg_04, seg_08, seg_11, seg_14",interpolated,2,True,,,
fastf1_2026_china_grand_prix,Shanghai International Circuit,Ferrari,Straights,-0.056,28.907562277937014,5,"seg_01, seg_04, seg_08, seg_11, seg_14",interpolated,2,True,,,
fastf1_2026_china_grand_prix,Shanghai International Circuit,Haas F1 Team,Straights,0.366,28.907562277937014,5,"seg_01, seg_04, seg_08, seg_11, seg_14",interpolated,2,True,,,
fastf1_2026_china_grand_prix,Shanghai International Circuit,Mercedes,Straights,0.0,28.907562277937014,5,"seg_01, seg_04, seg_08, seg_11, seg_14",interpolated,2,True,,,
fastf1_2026_china_grand_prix,Shanghai International Circuit,Racing Bulls,Straights,-0.108,28.907562277937014,5,"seg_01, seg_04, seg_08, seg_11, seg_14",interpolated,2,True,,,
fastf1_2026_china_grand_prix,Shanghai International Circuit,Red Bull Racing,Straights,-1.17,28.907562277937014,5,"seg_01, seg_04, seg_08, seg_11, seg_14",interpolated,2,True,,,
fastf1_2026_china_grand_prix,Shanghai International Circuit,Williams,Straights,1.346,28.907562277937014,5,"seg_01, seg_04, seg_08, seg_11, seg_14",interpolated,2,True,,,
fastf1_2026_japan_grand_prix,Suzuka Circuit,Alpine,Slow corners,1.684,15.661299324562815,2,"seg_04, seg_07",interpolated,3,True,,,
fastf1_2026_japan_grand_prix,Suzuka Circuit,Aston Martin,Slow corners,2.704,15.661299324562815,2,"seg_04, seg_07",interpolated,3,True,,,
fastf1_2026_japan_grand_prix,Suzuka Circuit,Audi,Slow corners,2.366,15.661299324562815,2,"seg_04, seg_07",interpolated,3,True,,,
fastf1_2026_japan_grand_prix,Suzuka Circuit,Cadillac,Slow corners,3.409,15.661299324562815,2,"seg_04, seg_07",interpolated,3,True,,,
fastf1_2026_japan_grand_prix,Suzuka Circuit,Ferrari,Slow corners,0.675,15.661299324562815,2,"seg_04, seg_07",interpolated,3,True,,,
fastf1_2026_japan_grand_prix,Suzuka Circuit,Haas F1 Team,Slow corners,1.125,15.661299324562815,2,"seg_04, seg_07",interpolated,3,True,,,
fastf1_2026_japan_grand_prix,Suzuka Circuit,McLaren,Slow corners,-0.333,15.661299324562815,2,"seg_04, seg_07",interpolated,3,True,,,
fastf1_2026_japan_grand_prix,Suzuka Circuit,Mercedes,Slow corners,0.0,15.661299324562815,2,"seg_04, seg_07",interpolated,3,True,,,
fastf1_2026_japan_grand_prix,Suzuka Circuit,Racing Bulls,Slow corners,0.623,15.661299324562815,2,"seg_04, seg_07",interpolated,3,True,,,
fastf1_2026_japan_grand_prix,Suzuka Circuit,Red Bull Racing,Slow corners,1.925,15.661299324562815,2,"seg_04, seg_07",interpolated,3,True,,,
fastf1_2026_japan_grand_prix,Suzuka Circuit,Williams,Slow corners,1.781,15.661299324562815,2,"seg_04, seg_07",interpolated,3,True,,,
fastf1_2026_japan_grand_prix,Suzuka Circuit,Alpine,Fast corners,2.683,48.70426812416507,2,"seg_02, seg_05",interpolated,3,True,,,
fastf1_2026_japan_grand_prix,Suzuka Circuit,Aston Martin,Fast corners,5.982,48.70426812416507,2,"seg_02, seg_05",interpolated,3,True,,,
fastf1_2026_japan_grand_prix,Suzuka Circuit,Audi,Fast corners,2.622,48.70426812416507,2,"seg_02, seg_05",interpolated,3,True,,,
fastf1_2026_japan_grand_prix,Suzuka Circuit,Cadillac,Fast corners,4.539,48.70426812416507,2,"seg_02, seg_05",interpolated,3,True,,,
fastf1_2026_japan_grand_prix,Suzuka Circuit,Ferrari,Fast corners,0.533,48.70426812416507,2,"seg_02, seg_05",interpolated,3,True,,,
fastf1_2026_japan_grand_prix,Suzuka Circuit,Haas F1 Team,Fast corners,2.998,48.70426812416507,2,"seg_02, seg_05",interpolated,3,True,,,
fastf1_2026_japan_grand_prix,Suzuka Circuit,McLaren,Fast corners,1.116,48.70426812416507,2,"seg_02, seg_05",interpolated,3,True,,,
fastf1_2026_japan_grand_prix,Suzuka Circuit,Mercedes,Fast corners,0.0,48.70426812416507,2,"seg_02, seg_05",interpolated,3,True,,,
fastf1_2026_japan_grand_prix,Suzuka Circuit,Racing Bulls,Fast corners,2.527,48.70426812416507,2,"seg_02, seg_05",interpolated,3,True,,,
fastf1_2026_japan_grand_prix,Suzuka Circuit,Red Bull Racing,Fast corners,2.114,48.70426812416507,2,"seg_02, seg_05",interpolated,3,True,,,
fastf1_2026_japan_grand_prix,Suzuka Circuit,Williams,Fast corners,3.014,48.70426812416507,2,"seg_02, seg_05",interpolated,3,True,,,
fastf1_2026_japan_grand_prix,Suzuka Circuit,Alpine,Straights,-0.076,28.280550610285903,4,"seg_01, seg_03, seg_06, seg_08",interpolated,3,True,,,
fastf1_2026_japan_grand_prix,Suzuka Circuit,Aston Martin,Straights,4.137,28.280550610285903,4,"seg_01, seg_03, seg_06, seg_08",interpolated,3,True,,,
fastf1_2026_japan_grand_prix,Suzuka Circuit,Audi,Straights,-0.533,28.280550610285903,4,"seg_01, seg_03, seg_06, seg_08",interpolated,3,True,,,
fastf1_2026_japan_grand_prix,Suzuka Circuit,Cadillac,Straights,3.258,28.280550610285903,4,"seg_01, seg_03, seg_06, seg_08",interpolated,3,True,,,
fastf1_2026_japan_grand_prix,Suzuka Circuit,Ferrari,Straights,-0.165,28.280550610285903,4,"seg_01, seg_03, seg_06, seg_08",interpolated,3,True,,,
fastf1_2026_japan_grand_prix,Suzuka Circuit,Haas F1 Team,Straights,0.086,28.280550610285903,4,"seg_01, seg_03, seg_06, seg_08",interpolated,3,True,,,
fastf1_2026_japan_grand_prix,Suzuka Circuit,McLaren,Straights,0.924,28.280550610285903,4,"seg_01, seg_03, seg_06, seg_08",interpolated,3,True,,,
fastf1_2026_japan_grand_prix,Suzuka Circuit,Mercedes,Straights,0.0,28.280550610285903,4,"seg_01, seg_03, seg_06, seg_08",interpolated,3,True,,,
fastf1_2026_japan_grand_prix,Suzuka Circuit,Racing Bulls,Straights,1.455,28.280550610285903,4,"seg_01, seg_03, seg_06, seg_08",interpolated,3,True,,,
fastf1_2026_japan_grand_prix,Suzuka Circuit,Red Bull Racing,Straights,-0.256,28.280550610285903,4,"seg_01, seg_03, seg_06, seg_08",interpolated,3,True,,,
fastf1_2026_japan_grand_prix,Suzuka Circuit,Williams,Straights,0.985,28.280550610285903,4,"seg_01, seg_03, seg_06, seg_08",interpolated,3,True,,,
fastf1_2026_miami_grand_prix,Miami International Autodrome,Alpine,Slow corners,1.122,34.02031159878543,3,"seg_02, seg_05, seg_07",interpolated,4,True,,,
fastf1_2026_miami_grand_prix,Miami International Autodrome,Aston Martin,Slow corners,1.992,34.02031159878543,3,"seg_02, seg_05, seg_07",interpolated,4,True,,,
fastf1_2026_miami_grand_prix,Miami International Autodrome,Audi,Slow corners,-0.597,34.02031159878543,3,"seg_02, seg_05, seg_07",interpolated,4,True,,,
fastf1_2026_miami_grand_prix,Miami International Autodrome,Cadillac,Slow corners,4.577,34.02031159878543,3,"seg_02, seg_05, seg_07",interpolated,4,True,,,
fastf1_2026_miami_grand_prix,Miami International Autodrome,Ferrari,Slow corners,-1.346,34.02031159878543,3,"seg_02, seg_05, seg_07",interpolated,4,True,,,
fastf1_2026_miami_grand_prix,Miami International Autodrome,Haas F1 Team,Slow corners,0.79,34.02031159878543,3,"seg_02, seg_05, seg_07",interpolated,4,True,,,
fastf1_2026_miami_grand_prix,Miami International Autodrome,McLaren,Slow corners,-0.369,34.02031159878543,3,"seg_02, seg_05, seg_07",interpolated,4,True,,,
fastf1_2026_miami_grand_prix,Miami International Autodrome,Mercedes,Slow corners,0.0,34.02031159878543,3,"seg_02, seg_05, seg_07",interpolated,4,True,,,
fastf1_2026_miami_grand_prix,Miami International Autodrome,Racing Bulls,Slow corners,1.74,34.02031159878543,3,"seg_02, seg_05, seg_07",interpolated,4,True,,,
fastf1_2026_miami_grand_prix,Miami International Autodrome,Red Bull Racing,Slow corners,0.234,34.02031159878543,3,"seg_02, seg_05, seg_07",interpolated,4,True,,,
fastf1_2026_miami_grand_prix,Miami International Autodrome,Williams,Slow corners,1.322,34.02031159878543,3,"seg_02, seg_05, seg_07",interpolated,4,True,,,
fastf1_2026_miami_grand_prix,Miami International Autodrome,Alpine,Fast corners,1.938,26.821060196446737,2,"seg_03, seg_08",interpolated,4,True,,,
fastf1_2026_miami_grand_prix,Miami International Autodrome,Aston Martin,Fast corners,2.527,26.821060196446737,2,"seg_03, seg_08",interpolated,4,True,,,
fastf1_2026_miami_grand_prix,Miami International Autodrome,Audi,Fast corners,2.767,26.821060196446737,2,"seg_03, seg_08",interpolated,4,True,,,
fastf1_2026_miami_grand_prix,Miami International Autodrome,Cadillac,Fast corners,4.29,26.821060196446737,2,"seg_03, seg_08",interpolated,4,True,,,
fastf1_2026_miami_grand_prix,Miami International Autodrome,Ferrari,Fast corners,0.789,26.821060196446737,2,"seg_03, seg_08",interpolated,4,True,,,
fastf1_2026_miami_grand_prix,Miami International Autodrome,Haas F1 Team,Fast corners,2.556,26.821060196446737,2,"seg_03, seg_08",interpolated,4,True,,,
fastf1_2026_miami_grand_prix,Miami International Autodrome,McLaren,Fast corners,-0.203,26.821060196446737,2,"seg_03, seg_08",interpolated,4,True,,,
fastf1_2026_miami_grand_prix,Miami International Autodrome,Mercedes,Fast corners,0.0,26.821060196446737,2,"seg_03, seg_08",interpolated,4,True,,,
fastf1_2026_miami_grand_prix,Miami International Autodrome,Racing Bulls,Fast corners,3.268,26.821060196446737,2,"seg_03, seg_08",interpolated,4,True,,,
fastf1_2026_miami_grand_prix,Miami International Autodrome,Red Bull Racing,Fast corners,0.87,26.821060196446737,2,"seg_03, seg_08",interpolated,4,True,,,
fastf1_2026_miami_grand_prix,Miami International Autodrome,Williams,Fast corners,2.104,26.821060196446737,2,"seg_03, seg_08",interpolated,4,True,,,
fastf1_2026_miami_grand_prix,Miami International Autodrome,Alpine,Straights,0.458,31.35060373366785,3,"seg_01, seg_04, seg_06",interpolated,4,True,,,
fastf1_2026_miami_grand_prix,Miami International Autodrome,Aston Martin,Straights,2.66,31.35060373366785,3,"seg_01, seg_04, seg_06",interpolated,4,True,,,
fastf1_2026_miami_grand_prix,Miami International Autodrome,Audi,Straights,3.125,31.35060373366785,3,"seg_01, seg_04, seg_06",interpolated,4,True,,,
fastf1_2026_miami_grand_prix,Miami International Autodrome,Cadillac,Straights,2.627,31.35060373366785,3,"seg_01, seg_04, seg_06",interpolated,4,True,,,
fastf1_2026_miami_grand_prix,Miami International Autodrome,Ferrari,Straights,1.463,31.35060373366785,3,"seg_01, seg_04, seg_06",interpolated,4,True,,,
fastf1_2026_miami_grand_prix,Miami International Autodrome,Haas F1 Team,Straights,1.578,31.35060373366785,3,"seg_01, seg_04, seg_06",interpolated,4,True,,,
fastf1_2026_miami_grand_prix,Miami International Autodrome,McLaren,Straights,-0.178,31.35060373366785,3,"seg_01, seg_04, seg_06",interpolated,4,True,,,
fastf1_2026_miami_grand_prix,Miami International Autodrome,Mercedes,Straights,0.0,31.35060373366785,3,"seg_01, seg_04, seg_06",interpolated,4,True,,,
fastf1_2026_miami_grand_prix,Miami International Autodrome,Racing Bulls,Straights,3.519,31.35060373366785,3,"seg_01, seg_04, seg_06",interpolated,4,True,,,
fastf1_2026_miami_grand_prix,Miami International Autodrome,Red Bull Racing,Straights,1.487,31.35060373366785,3,"seg_01, seg_04, seg_06",interpolated,4,True,,,
fastf1_2026_miami_grand_prix,Miami International Autodrome,Williams,Straights,0.766,31.35060373366785,3,"seg_01, seg_04, seg_06",interpolated,4,True,,,
fastf1_2026_canadian_grand_prix,Circuit Gilles-Villeneuve,Alpine,Slow corners,3.477,44.14620899418033,5,"seg_02, seg_04, seg_06, seg_08, seg_10",interpolated,5,True,,,
fastf1_2026_canadian_grand_prix,Circuit Gilles-Villeneuve,Aston Martin,Slow corners,8.211,44.14620899418033,5,"seg_02, seg_04, seg_06, seg_08, seg_10",interpolated,5,True,,,
fastf1_2026_canadian_grand_prix,Circuit Gilles-Villeneuve,Audi,Slow corners,2.555,44.14620899418033,5,"seg_02, seg_04, seg_06, seg_08, seg_10",interpolated,5,True,,,
fastf1_2026_canadian_grand_prix,Circuit Gilles-Villeneuve,Cadillac,Slow corners,5.931,44.14620899418033,5,"seg_02, seg_04, seg_06, seg_08, seg_10",interpolated,5,True,,,
fastf1_2026_canadian_grand_prix,Circuit Gilles-Villeneuve,Ferrari,Slow corners,1.298,44.14620899418033,5,"seg_02, seg_04, seg_06, seg_08, seg_10",interpolated,5,True,,,
fastf1_2026_canadian_grand_prix,Circuit Gilles-Villeneuve,Haas F1 Team,Slow corners,3.357,44.14620899418033,5,"seg_02, seg_04, seg_06, seg_08, seg_10",interpolated,5,True,,,
fastf1_2026_canadian_grand_prix,Circuit Gilles-Villeneuve,McLaren,Slow corners,2.938,44.14620899418033,5,"seg_02, seg_04, seg_06, seg_08, seg_10",interpolated,5,True,,,
fastf1_2026_canadian_grand_prix,Circuit Gilles-Villeneuve,Mercedes,Slow corners,0.0,44.14620899418033,5,"seg_02, seg_04, seg_06, seg_08, seg_10",interpolated,5,True,,,
fastf1_2026_canadian_grand_prix,Circuit Gilles-Villeneuve,Racing Bulls,Slow corners,2.563,44.14620899418033,5,"seg_02, seg_04, seg_06, seg_08, seg_10",interpolated,5,True,,,
fastf1_2026_canadian_grand_prix,Circuit Gilles-Villeneuve,Red Bull Racing,Slow corners,0.943,44.14620899418033,5,"seg_02, seg_04, seg_06, seg_08, seg_10",interpolated,5,True,,,
fastf1_2026_canadian_grand_prix,Circuit Gilles-Villeneuve,Williams,Slow corners,4.131,44.14620899418033,5,"seg_02, seg_04, seg_06, seg_08, seg_10",interpolated,5,True,,,
fastf1_2026_canadian_grand_prix,Circuit Gilles-Villeneuve,Alpine,Fast corners,-0.669,4.577839925329968,1,seg_03,interpolated,5,True,,,
fastf1_2026_canadian_grand_prix,Circuit Gilles-Villeneuve,Aston Martin,Fast corners,4.845,4.577839925329968,1,seg_03,interpolated,5,True,,,
fastf1_2026_canadian_grand_prix,Circuit Gilles-Villeneuve,Audi,Fast corners,0.691,4.577839925329968,1,seg_03,interpolated,5,True,,,
fastf1_2026_canadian_grand_prix,Circuit Gilles-Villeneuve,Cadillac,Fast corners,4.642,4.577839925329968,1,seg_03,interpolated,5,True,,,
fastf1_2026_canadian_grand_prix,Circuit Gilles-Villeneuve,Ferrari,Fast corners,1.578,4.577839925329968,1,seg_03,interpolated,5,True,,,
fastf1_2026_canadian_grand_prix,Circuit Gilles-Villeneuve,Haas F1 Team,Fast corners,2.57,4.577839925329968,1,seg_03,interpolated,5,True,,,
fastf1_2026_canadian_grand_prix,Circuit Gilles-Villeneuve,McLaren,Fast corners,1.093,4.577839925329968,1,seg_03,interpolated,5,True,,,
fastf1_2026_canadian_grand_prix,Circuit Gilles-Villeneuve,Mercedes,Fast corners,0.0,4.577839925329968,1,seg_03,interpolated,5,True,,,
fastf1_2026_canadian_grand_prix,Circuit Gilles-Villeneuve,Racing Bulls,Fast corners,0.037,4.577839925329968,1,seg_03,interpolated,5,True,,,
fastf1_2026_canadian_grand_prix,Circuit Gilles-Villeneuve,Red Bull Racing,Fast corners,-1.43,4.577839925329968,1,seg_03,interpolated,5,True,,,
fastf1_2026_canadian_grand_prix,Circuit Gilles-Villeneuve,Williams,Fast corners,1.896,4.577839925329968,1,seg_03,interpolated,5,True,,,
fastf1_2026_canadian_grand_prix,Circuit Gilles-Villeneuve,Alpine,Straights,-1.119,26.172852979211925,5,"seg_01, seg_05, seg_07, seg_09, seg_11",interpolated,5,True,,,
fastf1_2026_canadian_grand_prix,Circuit Gilles-Villeneuve,Aston Martin,Straights,3.893,26.172852979211925,5,"seg_01, seg_05, seg_07, seg_09, seg_11",interpolated,5,True,,,
fastf1_2026_canadian_grand_prix,Circuit Gilles-Villeneuve,Audi,Straights,1.523,26.172852979211925,5,"seg_01, seg_05, seg_07, seg_09, seg_11",interpolated,5,True,,,
fastf1_2026_canadian_grand_prix,Circuit Gilles-Villeneuve,Cadillac,Straights,1.224,26.172852979211925,5,"seg_01, seg_05, seg_07, seg_09, seg_11",interpolated,5,True,,,
fastf1_2026_canadian_grand_prix,Circuit Gilles-Villeneuve,Ferrari,Straights,-1.271,26.172852979211925,5,"seg_01, seg_05, seg_07, seg_09, seg_11",interpolated,5,True,,,
fastf1_2026_canadian_grand_prix,Circuit Gilles-Villeneuve,Haas F1 Team,Straights,0.358,26.172852979211925,5,"seg_01, seg_05, seg_07, seg_09, seg_11",interpolated,5,True,,,
fastf1_2026_canadian_grand_prix,Circuit Gilles-Villeneuve,McLaren,Straights,-0.544,26.172852979211925,5,"seg_01, seg_05, seg_07, seg_09, seg_11",interpolated,5,True,,,
fastf1_2026_canadian_grand_prix,Circuit Gilles-Villeneuve,Mercedes,Straights,0.0,26.172852979211925,5,"seg_01, seg_05, seg_07, seg_09, seg_11",interpolated,5,True,,,
fastf1_2026_canadian_grand_prix,Circuit Gilles-Villeneuve,Racing Bulls,Straights,0.067,26.172852979211925,5,"seg_01, seg_05, seg_07, seg_09, seg_11",interpolated,5,True,,,
fastf1_2026_canadian_grand_prix,Circuit Gilles-Villeneuve,Red Bull Racing,Straights,-1.469,26.172852979211925,5,"seg_01, seg_05, seg_07, seg_09, seg_11",interpolated,5,True,,,
fastf1_2026_canadian_grand_prix,Circuit Gilles-Villeneuve,Williams,Straights,0.917,26.172852979211925,5,"seg_01, seg_05, seg_07, seg_09, seg_11",interpolated,5,True,,,
fastf1_2026_monaco_grand_prix,Circuit de Monaco,Alpine,Slow corners,3.132,42.58052017619633,4,"seg_02, seg_05, seg_07, seg_09",interpolated,6,True,,,
fastf1_2026_monaco_grand_prix,Circuit de Monaco,Aston Martin,Slow corners,5.121,42.58052017619633,4,"seg_02, seg_05, seg_07, seg_09",interpolated,6,True,,,
fastf1_2026_monaco_grand_prix,Circuit de Monaco,Audi,Slow corners,4.486,42.58052017619633,4,"seg_02, seg_05, seg_07, seg_09",interpolated,6,True,,,
fastf1_2026_monaco_grand_prix,Circuit de Monaco,Cadillac,Slow corners,5.049,42.58052017619633,4,"seg_02, seg_05, seg_07, seg_09",interpolated,6,True,,,
fastf1_2026_monaco_grand_prix,Circuit de Monaco,Ferrari,Slow corners,-0.163,42.58052017619633,4,"seg_02, seg_05, seg_07, seg_09",interpolated,6,True,,,
fastf1_2026_monaco_grand_prix,Circuit de Monaco,Haas F1 Team,Slow corners,4.486,42.58052017619633,4,"seg_02, seg_05, seg_07, seg_09",interpolated,6,True,,,
fastf1_2026_monaco_grand_prix,Circuit de Monaco,McLaren,Slow corners,2.582,42.58052017619633,4,"seg_02, seg_05, seg_07, seg_09",interpolated,6,True,,,
fastf1_2026_monaco_grand_prix,Circuit de Monaco,Mercedes,Slow corners,0.0,42.58052017619633,4,"seg_02, seg_05, seg_07, seg_09",interpolated,6,True,,,
fastf1_2026_monaco_grand_prix,Circuit de Monaco,Racing Bulls,Slow corners,3.273,42.58052017619633,4,"seg_02, seg_05, seg_07, seg_09",interpolated,6,True,,,
fastf1_2026_monaco_grand_prix,Circuit de Monaco,Red Bull Racing,Slow corners,-0.254,42.58052017619633,4,"seg_02, seg_05, seg_07, seg_09",interpolated,6,True,,,
fastf1_2026_monaco_grand_prix,Circuit de Monaco,Williams,Slow corners,2.984,42.58052017619633,4,"seg_02, seg_05, seg_07, seg_09",interpolated,6,True,,,
fastf1_2026_monaco_grand_prix,Circuit de Monaco,Alpine,Fast corners,4.602,17.62473254401259,2,"seg_04, seg_08",interpolated,6,True,,,
fastf1_2026_monaco_grand_prix,Circuit de Monaco,Aston Martin,Fast corners,8.154,17.62473254401259,2,"seg_04, seg_08",interpolated,6,True,,,
fastf1_2026_monaco_grand_prix,Circuit de Monaco,Audi,Fast corners,7.178,17.62473254401259,2,"seg_04, seg_08",interpolated,6,True,,,
fastf1_2026_monaco_grand_prix,Circuit de Monaco,Cadillac,Fast corners,8.632,17.62473254401259,2,"seg_04, seg_08",interpolated,6,True,,,
fastf1_2026_monaco_grand_prix,Circuit de Monaco,Ferrari,Fast corners,0.356,17.62473254401259,2,"seg_04, seg_08",interpolated,6,True,,,
fastf1_2026_monaco_grand_prix,Circuit de Monaco,Haas F1 Team,Fast corners,5.988,17.62473254401259,2,"seg_04, seg_08",interpolated,6,True,,,
fastf1_2026_monaco_grand_prix,Circuit de Monaco,McLaren,Fast corners,3.422,17.62473254401259,2,"seg_04, seg_08",interpolated,6,True,,,
fastf1_2026_monaco_grand_prix,Circuit de Monaco,Mercedes,Fast corners,0.0,17.62473254401259,2,"seg_04, seg_08",interpolated,6,True,,,
fastf1_2026_monaco_grand_prix,Circuit de Monaco,Racing Bulls,Fast corners,5.146,17.62473254401259,2,"seg_04, seg_08",interpolated,6,True,,,
fastf1_2026_monaco_grand_prix,Circuit de Monaco,Red Bull Racing,Fast corners,0.312,17.62473254401259,2,"seg_04, seg_08",interpolated,6,True,,,
fastf1_2026_monaco_grand_prix,Circuit de Monaco,Williams,Fast corners,6.475,17.62473254401259,2,"seg_04, seg_08",interpolated,6,True,,,
fastf1_2026_monaco_grand_prix,Circuit de Monaco,Alpine,Straights,0.922,17.263247279791106,4,"seg_01, seg_03, seg_06, seg_10",interpolated,6,True,,,
fastf1_2026_monaco_grand_prix,Circuit de Monaco,Aston Martin,Straights,3.119,17.263247279791106,4,"seg_01, seg_03, seg_06, seg_10",interpolated,6,True,,,
fastf1_2026_monaco_grand_prix,Circuit de Monaco,Audi,Straights,1.264,17.263247279791106,4,"seg_01, seg_03, seg_06, seg_10",interpolated,6,True,,,
fastf1_2026_monaco_grand_prix,Circuit de Monaco,Cadillac,Straights,2.621,17.263247279791106,4,"seg_01, seg_03, seg_06, seg_10",interpolated,6,True,,,
fastf1_2026_monaco_grand_prix,Circuit de Monaco,Ferrari,Straights,-0.096,17.263247279791106,4,"seg_01, seg_03, seg_06, seg_10",interpolated,6,True,,,
fastf1_2026_monaco_grand_prix,Circuit de Monaco,Haas F1 Team,Straights,-0.146,17.263247279791106,4,"seg_01, seg_03, seg_06, seg_10",interpolated,6,True,,,
fastf1_2026_monaco_grand_prix,Circuit de Monaco,McLaren,Straights,0.511,17.263247279791106,4,"seg_01, seg_03, seg_06, seg_10",interpolated,6,True,,,
fastf1_2026_monaco_grand_prix,Circuit de Monaco,Mercedes,Straights,0.0,17.263247279791106,4,"seg_01, seg_03, seg_06, seg_10",interpolated,6,True,,,
fastf1_2026_monaco_grand_prix,Circuit de Monaco,Racing Bulls,Straights,0.939,17.263247279791106,4,"seg_01, seg_03, seg_06, seg_10",interpolated,6,True,,,
fastf1_2026_monaco_grand_prix,Circuit de Monaco,Red Bull Racing,Straights,1.247,17.263247279791106,4,"seg_01, seg_03, seg_06, seg_10",interpolated,6,True,,,
fastf1_2026_monaco_grand_prix,Circuit de Monaco,Williams,Straights,0.775,17.263247279791106,4,"seg_01, seg_03, seg_06, seg_10",interpolated,6,True,,,
fastf1_2026_barcelona_grand_prix,Circuit de Barcelona-Catalunya,Alpine,Slow corners,1.565,27.194810704545095,3,"seg_02, seg_04, seg_07",interpolated,7,True,,,
fastf1_2026_barcelona_grand_prix,Circuit de Barcelona-Catalunya,Aston Martin,Slow corners,4.77,27.194810704545095,3,"seg_02, seg_04, seg_07",interpolated,7,True,,,
fastf1_2026_barcelona_grand_prix,Circuit de Barcelona-Catalunya,Audi,Slow corners,1.629,27.194810704545095,3,"seg_02, seg_04, seg_07",interpolated,7,True,,,
fastf1_2026_barcelona_grand_prix,Circuit de Barcelona-Catalunya,Cadillac,Slow corners,4.155,27.194810704545095,3,"seg_02, seg_04, seg_07",interpolated,7,True,,,
fastf1_2026_barcelona_grand_prix,Circuit de Barcelona-Catalunya,Ferrari,Slow corners,-1.983,27.194810704545095,3,"seg_02, seg_04, seg_07",interpolated,7,True,,,
fastf1_2026_barcelona_grand_prix,Circuit de Barcelona-Catalunya,Haas F1 Team,Slow corners,0.843,27.194810704545095,3,"seg_02, seg_04, seg_07",interpolated,7,True,,,
fastf1_2026_barcelona_grand_prix,Circuit de Barcelona-Catalunya,McLaren,Slow corners,-1.424,27.194810704545095,3,"seg_02, seg_04, seg_07",interpolated,7,True,,,
fastf1_2026_barcelona_grand_prix,Circuit de Barcelona-Catalunya,Mercedes,Slow corners,0.0,27.194810704545095,3,"seg_02, seg_04, seg_07",interpolated,7,True,,,
fastf1_2026_barcelona_grand_prix,Circuit de Barcelona-Catalunya,Racing Bulls,Slow corners,2.244,27.194810704545095,3,"seg_02, seg_04, seg_07",interpolated,7,True,,,
fastf1_2026_barcelona_grand_prix,Circuit de Barcelona-Catalunya,Red Bull Racing,Slow corners,-1.317,27.194810704545095,3,"seg_02, seg_04, seg_07",interpolated,7,True,,,
fastf1_2026_barcelona_grand_prix,Circuit de Barcelona-Catalunya,Williams,Slow corners,0.655,27.194810704545095,3,"seg_02, seg_04, seg_07",interpolated,7,True,,,
fastf1_2026_barcelona_grand_prix,Circuit de Barcelona-Catalunya,Alpine,Fast corners,1.766,40.82462966234013,3,"seg_03, seg_05, seg_08",interpolated,7,True,,,
fastf1_2026_barcelona_grand_prix,Circuit de Barcelona-Catalunya,Aston Martin,Fast corners,7.109,40.82462966234013,3,"seg_03, seg_05, seg_08",interpolated,7,True,,,
fastf1_2026_barcelona_grand_prix,Circuit de Barcelona-Catalunya,Audi,Fast corners,2.908,40.82462966234013,3,"seg_03, seg_05, seg_08",interpolated,7,True,,,
fastf1_2026_barcelona_grand_prix,Circuit de Barcelona-Catalunya,Cadillac,Fast corners,5.922,40.82462966234013,3,"seg_03, seg_05, seg_08",interpolated,7,True,,,
fastf1_2026_barcelona_grand_prix,Circuit de Barcelona-Catalunya,Ferrari,Fast corners,-0.593,40.82462966234013,3,"seg_03, seg_05, seg_08",interpolated,7,True,,,
fastf1_2026_barcelona_grand_prix,Circuit de Barcelona-Catalunya,Haas F1 Team,Fast corners,2.444,40.82462966234013,3,"seg_03, seg_05, seg_08",interpolated,7,True,,,
fastf1_2026_barcelona_grand_prix,Circuit de Barcelona-Catalunya,McLaren,Fast corners,0.039,40.82462966234013,3,"seg_03, seg_05, seg_08",interpolated,7,True,,,
fastf1_2026_barcelona_grand_prix,Circuit de Barcelona-Catalunya,Mercedes,Fast corners,0.0,40.82462966234013,3,"seg_03, seg_05, seg_08",interpolated,7,True,,,
fastf1_2026_barcelona_grand_prix,Circuit de Barcelona-Catalunya,Racing Bulls,Fast corners,2.382,40.82462966234013,3,"seg_03, seg_05, seg_08",interpolated,7,True,,,
fastf1_2026_barcelona_grand_prix,Circuit de Barcelona-Catalunya,Red Bull Racing,Fast corners,-0.666,40.82462966234013,3,"seg_03, seg_05, seg_08",interpolated,7,True,,,
fastf1_2026_barcelona_grand_prix,Circuit de Barcelona-Catalunya,Williams,Fast corners,2.07,40.82462966234013,3,"seg_03, seg_05, seg_08",interpolated,7,True,,,
fastf1_2026_barcelona_grand_prix,Circuit de Barcelona-Catalunya,Alpine,Straights,1.05,12.652559633114771,2,"seg_01, seg_06",interpolated,7,True,,,
fastf1_2026_barcelona_grand_prix,Circuit de Barcelona-Catalunya,Aston Martin,Straights,4.176,12.652559633114771,2,"seg_01, seg_06",interpolated,7,True,,,
fastf1_2026_barcelona_grand_prix,Circuit de Barcelona-Catalunya,Audi,Straights,0.067,12.652559633114771,2,"seg_01, seg_06",interpolated,7,True,,,
fastf1_2026_barcelona_grand_prix,Circuit de Barcelona-Catalunya,Cadillac,Straights,1.878,12.652559633114771,2,"seg_01, seg_06",interpolated,7,True,,,
fastf1_2026_barcelona_grand_prix,Circuit de Barcelona-Catalunya,Ferrari,Straights,0.762,12.652559633114771,2,"seg_01, seg_06",interpolated,7,True,,,
fastf1_2026_barcelona_grand_prix,Circuit de Barcelona-Catalunya,Haas F1 Team,Straights,0.912,12.652559633114771,2,"seg_01, seg_06",interpolated,7,True,,,
fastf1_2026_barcelona_grand_prix,Circuit de Barcelona-Catalunya,McLaren,Straights,1.163,12.652559633114771,2,"seg_01, seg_06",interpolated,7,True,,,
fastf1_2026_barcelona_grand_prix,Circuit de Barcelona-Catalunya,Mercedes,Straights,0.0,12.652559633114771,2,"seg_01, seg_06",interpolated,7,True,,,
fastf1_2026_barcelona_grand_prix,Circuit de Barcelona-Catalunya,Racing Bulls,Straights,-0.477,12.652559633114771,2,"seg_01, seg_06",interpolated,7,True,,,
fastf1_2026_barcelona_grand_prix,Circuit de Barcelona-Catalunya,Red Bull Racing,Straights,-0.243,12.652559633114771,2,"seg_01, seg_06",interpolated,7,True,,,
fastf1_2026_barcelona_grand_prix,Circuit de Barcelona-Catalunya,Williams,Straights,1.066,12.652559633114771,2,"seg_01, seg_06",interpolated,7,True,,,
fastf1_2026_austrian_grand_prix,Red Bull Ring,Alpine,Slow corners,0.379,13.200026727208062,3,"seg_02, seg_04, seg_06",interpolated,8,True,,,
fastf1_2026_austrian_grand_prix,Red Bull Ring,Aston Martin,Slow corners,4.986,13.200026727208062,3,"seg_02, seg_04, seg_06",interpolated,8,True,,,
fastf1_2026_austrian_grand_prix,Red Bull Ring,Audi,Slow corners,2.492,13.200026727208062,3,"seg_02, seg_04, seg_06",interpolated,8,True,,,
fastf1_2026_austrian_grand_prix,Red Bull Ring,Cadillac,Slow corners,9.105,13.200026727208062,3,"seg_02, seg_04, seg_06",interpolated,8,True,,,
fastf1_2026_austrian_grand_prix,Red Bull Ring,Ferrari,Slow corners,1.927,13.200026727208062,3,"seg_02, seg_04, seg_06",interpolated,8,True,,,
fastf1_2026_austrian_grand_prix,Red Bull Ring,Haas F1 Team,Slow corners,7.727,13.200026727208062,3,"seg_02, seg_04, seg_06",interpolated,8,True,,,
fastf1_2026_austrian_grand_prix,Red Bull Ring,McLaren,Slow corners,-3.537,13.200026727208062,3,"seg_02, seg_04, seg_06",interpolated,8,True,,,
fastf1_2026_austrian_grand_prix,Red Bull Ring,Mercedes,Slow corners,0.0,13.200026727208062,3,"seg_02, seg_04, seg_06",interpolated,8,True,,,
fastf1_2026_austrian_grand_prix,Red Bull Ring,Racing Bulls,Slow corners,2.065,13.200026727208062,3,"seg_02, seg_04, seg_06",interpolated,8,True,,,
fastf1_2026_austrian_grand_prix,Red Bull Ring,Red Bull Racing,Slow corners,4.523,13.200026727208062,3,"seg_02, seg_04, seg_06",interpolated,8,True,,,
fastf1_2026_austrian_grand_prix,Red Bull Ring,Williams,Slow corners,3.714,13.200026727208062,3,"seg_02, seg_04, seg_06",interpolated,8,True,,,
fastf1_2026_austrian_grand_prix,Red Bull Ring,Alpine,Fast corners,1.66,16.863582379658126,2,"seg_08, seg_10",interpolated,8,True,,,
fastf1_2026_austrian_grand_prix,Red Bull Ring,Aston Martin,Fast corners,4.953,16.863582379658126,2,"seg_08, seg_10",interpolated,8,True,,,
fastf1_2026_austrian_grand_prix,Red Bull Ring,Audi,Fast corners,1.872,16.863582379658126,2,"seg_08, seg_10",interpolated,8,True,,,
fastf1_2026_austrian_grand_prix,Red Bull Ring,Cadillac,Fast corners,10.245,16.863582379658126,2,"seg_08, seg_10",interpolated,8,True,,,
fastf1_2026_austrian_grand_prix,Red Bull Ring,Ferrari,Fast corners,0.192,16.863582379658126,2,"seg_08, seg_10",interpolated,8,True,,,
fastf1_2026_austrian_grand_prix,Red Bull Ring,Haas F1 Team,Fast corners,4.322,16.863582379658126,2,"seg_08, seg_10",interpolated,8,True,,,
fastf1_2026_austrian_grand_prix,Red Bull Ring,McLaren,Fast corners,-0.61,16.863582379658126,2,"seg_08, seg_10",interpolated,8,True,,,
fastf1_2026_austrian_grand_prix,Red Bull Ring,Mercedes,Fast corners,0.0,16.863582379658126,2,"seg_08, seg_10",interpolated,8,True,,,
fastf1_2026_austrian_grand_prix,Red Bull Ring,Racing Bulls,Fast corners,1.371,16.863582379658126,2,"seg_08, seg_10",interpolated,8,True,,,
fastf1_2026_austrian_grand_prix,Red Bull Ring,Red Bull Racing,Fast corners,0.575,16.863582379658126,2,"seg_08, seg_10",interpolated,8,True,,,
fastf1_2026_austrian_grand_prix,Red Bull Ring,Williams,Fast corners,4.595,16.863582379658126,2,"seg_08, seg_10",interpolated,8,True,,,
fastf1_2026_austrian_grand_prix,Red Bull Ring,Alpine,Straights,1.77,40.46487487314896,6,"seg_01, seg_03, seg_05, seg_07, seg_09, seg_11",interpolated,8,True,,,
fastf1_2026_austrian_grand_prix,Red Bull Ring,Aston Martin,Straights,2.005,40.46487487314896,6,"seg_01, seg_03, seg_05, seg_07, seg_09, seg_11",interpolated,8,True,,,
fastf1_2026_austrian_grand_prix,Red Bull Ring,Audi,Straights,1.419,40.46487487314896,6,"seg_01, seg_03, seg_05, seg_07, seg_09, seg_11",interpolated,8,True,,,
fastf1_2026_austrian_grand_prix,Red Bull Ring,Cadillac,Straights,1.41,40.46487487314896,6,"seg_01, seg_03, seg_05, seg_07, seg_09, seg_11",interpolated,8,True,,,
fastf1_2026_austrian_grand_prix,Red Bull Ring,Ferrari,Straights,-0.31,40.46487487314896,6,"seg_01, seg_03, seg_05, seg_07, seg_09, seg_11",interpolated,8,True,,,
fastf1_2026_austrian_grand_prix,Red Bull Ring,Haas F1 Team,Straights,0.733,40.46487487314896,6,"seg_01, seg_03, seg_05, seg_07, seg_09, seg_11",interpolated,8,True,,,
fastf1_2026_austrian_grand_prix,Red Bull Ring,McLaren,Straights,1.626,40.46487487314896,6,"seg_01, seg_03, seg_05, seg_07, seg_09, seg_11",interpolated,8,True,,,
fastf1_2026_austrian_grand_prix,Red Bull Ring,Mercedes,Straights,0.0,40.46487487314896,6,"seg_01, seg_03, seg_05, seg_07, seg_09, seg_11",interpolated,8,True,,,
fastf1_2026_austrian_grand_prix,Red Bull Ring,Racing Bulls,Straights,1.208,40.46487487314896,6,"seg_01, seg_03, seg_05, seg_07, seg_09, seg_11",interpolated,8,True,,,
fastf1_2026_austrian_grand_prix,Red Bull Ring,Red Bull Racing,Straights,-1.462,40.46487487314896,6,"seg_01, seg_03, seg_05, seg_07, seg_09, seg_11",interpolated,8,True,,,
fastf1_2026_austrian_grand_prix,Red Bull Ring,Williams,Straights,4.186,40.46487487314896,6,"seg_01, seg_03, seg_05, seg_07, seg_09, seg_11",interpolated,8,True,,,
fastf1_2026_british_grand_prix,Silverstone Circuit,Alpine,Slow corners,2.4,35.57360289239339,3,"seg_03, seg_05, seg_13",interpolated,9,True,,,
fastf1_2026_british_grand_prix,Silverstone Circuit,Aston Martin,Slow corners,4.017,35.57360289239339,3,"seg_03, seg_05, seg_13",interpolated,9,True,,,
fastf1_2026_british_grand_prix,Silverstone Circuit,Audi,Slow corners,1.408,35.57360289239339,3,"seg_03, seg_05, seg_13",interpolated,9,True,,,
fastf1_2026_british_grand_prix,Silverstone Circuit,Cadillac,Slow corners,3.731,35.57360289239339,3,"seg_03, seg_05, seg_13",interpolated,9,True,,,
fastf1_2026_british_grand_prix,Silverstone Circuit,Ferrari,Slow corners,0.523,35.57360289239339,3,"seg_03, seg_05, seg_13",interpolated,9,True,,,
fastf1_2026_british_grand_prix,Silverstone Circuit,Haas F1 Team,Slow corners,3.801,35.57360289239339,3,"seg_03, seg_05, seg_13",interpolated,9,True,,,
fastf1_2026_british_grand_prix,Silverstone Circuit,McLaren,Slow corners,1.356,35.57360289239339,3,"seg_03, seg_05, seg_13",interpolated,9,True,,,
fastf1_2026_british_grand_prix,Silverstone Circuit,Mercedes,Slow corners,0.0,35.57360289239339,3,"seg_03, seg_05, seg_13",interpolated,9,True,,,
fastf1_2026_british_grand_prix,Silverstone Circuit,Racing Bulls,Slow corners,1.337,35.57360289239339,3,"seg_03, seg_05, seg_13",interpolated,9,True,,,
fastf1_2026_british_grand_prix,Silverstone Circuit,Red Bull Racing,Slow corners,-1.555,35.57360289239339,3,"seg_03, seg_05, seg_13",interpolated,9,True,,,
fastf1_2026_british_grand_prix,Silverstone Circuit,Williams,Slow corners,0.338,35.57360289239339,3,"seg_03, seg_05, seg_13",interpolated,9,True,,,
fastf1_2026_british_grand_prix,Silverstone Circuit,Alpine,Fast corners,2.381,21.570439711914176,4,"seg_02, seg_07, seg_09, seg_11",interpolated,9,True,,,
fastf1_2026_british_grand_prix,Silverstone Circuit,Aston Martin,Fast corners,7.684,21.570439711914176,4,"seg_02, seg_07, seg_09, seg_11",interpolated,9,True,,,
fastf1_2026_british_grand_prix,Silverstone Circuit,Audi,Fast corners,2.049,21.570439711914176,4,"seg_02, seg_07, seg_09, seg_11",interpolated,9,True,,,
fastf1_2026_british_grand_prix,Silverstone Circuit,Cadillac,Fast corners,6.246,21.570439711914176,4,"seg_02, seg_07, seg_09, seg_11",interpolated,9,True,,,
fastf1_2026_british_grand_prix,Silverstone Circuit,Ferrari,Fast corners,0.974,21.570439711914176,4,"seg_02, seg_07, seg_09, seg_11",interpolated,9,True,,,
fastf1_2026_british_grand_prix,Silverstone Circuit,Haas F1 Team,Fast corners,3.698,21.570439711914176,4,"seg_02, seg_07, seg_09, seg_11",interpolated,9,True,,,
fastf1_2026_british_grand_prix,Silverstone Circuit,McLaren,Fast corners,1.477,21.570439711914176,4,"seg_02, seg_07, seg_09, seg_11",interpolated,9,True,,,
fastf1_2026_british_grand_prix,Silverstone Circuit,Mercedes,Fast corners,0.0,21.570439711914176,4,"seg_02, seg_07, seg_09, seg_11",interpolated,9,True,,,
fastf1_2026_british_grand_prix,Silverstone Circuit,Racing Bulls,Fast corners,2.817,21.570439711914176,4,"seg_02, seg_07, seg_09, seg_11",interpolated,9,True,,,
fastf1_2026_british_grand_prix,Silverstone Circuit,Red Bull Racing,Fast corners,0.648,21.570439711914176,4,"seg_02, seg_07, seg_09, seg_11",interpolated,9,True,,,
fastf1_2026_british_grand_prix,Silverstone Circuit,Williams,Fast corners,3.224,21.570439711914176,4,"seg_02, seg_07, seg_09, seg_11",interpolated,9,True,,,
fastf1_2026_british_grand_prix,Silverstone Circuit,Alpine,Straights,1.411,34.98895739569244,6,"seg_01, seg_04, seg_06, seg_08, seg_10, seg_12",interpolated,9,True,,,
fastf1_2026_british_grand_prix,Silverstone Circuit,Aston Martin,Straights,3.921,34.98895739569244,6,"seg_01, seg_04, seg_06, seg_08, seg_10, seg_12",interpolated,9,True,,,
fastf1_2026_british_grand_prix,Silverstone Circuit,Audi,Straights,0.847,34.98895739569244,6,"seg_01, seg_04, seg_06, seg_08, seg_10, seg_12",interpolated,9,True,,,
fastf1_2026_british_grand_prix,Silverstone Circuit,Cadillac,Straights,2.119,34.98895739569244,6,"seg_01, seg_04, seg_06, seg_08, seg_10, seg_12",interpolated,9,True,,,
fastf1_2026_british_grand_prix,Silverstone Circuit,Ferrari,Straights,-0.245,34.98895739569244,6,"seg_01, seg_04, seg_06, seg_08, seg_10, seg_12",interpolated,9,True,,,
fastf1_2026_british_grand_prix,Silverstone Circuit,Haas F1 Team,Straights,0.646,34.98895739569244,6,"seg_01, seg_04, seg_06, seg_08, seg_10, seg_12",interpolated,9,True,,,
fastf1_2026_british_grand_prix,Silverstone Circuit,McLaren,Straights,-0.397,34.98895739569244,6,"seg_01, seg_04, seg_06, seg_08, seg_10, seg_12",interpolated,9,True,,,
fastf1_2026_british_grand_prix,Silverstone Circuit,Mercedes,Straights,0.0,34.98895739569244,6,"seg_01, seg_04, seg_06, seg_08, seg_10, seg_12",interpolated,9,True,,,
fastf1_2026_british_grand_prix,Silverstone Circuit,Racing Bulls,Straights,0.603,34.98895739569244,6,"seg_01, seg_04, seg_06, seg_08, seg_10, seg_12",interpolated,9,True,,,
fastf1_2026_british_grand_prix,Silverstone Circuit,Red Bull Racing,Straights,0.595,34.98895739569244,6,"seg_01, seg_04, seg_06, seg_08, seg_10, seg_12",interpolated,9,True,,,
fastf1_2026_british_grand_prix,Silverstone Circuit,Williams,Straights,0.679,34.98895739569244,6,"seg_01, seg_04, seg_06, seg_08, seg_10, seg_12",interpolated,9,True,,,
fastf1_2026_belgian_grand_prix,Circuit de Spa-Francorchamps,Alpine,Slow corners,3.604,31.94431264829384,4,"seg_02, seg_04, seg_06, seg_12",interpolated,10,True,,,
fastf1_2026_belgian_grand_prix,Circuit de Spa-Francorchamps,Aston Martin,Slow corners,3.154,31.94431264829384,4,"seg_02, seg_04, seg_06, seg_12",interpolated,10,True,,,
fastf1_2026_belgian_grand_prix,Circuit de Spa-Francorchamps,Audi,Slow corners,-0.377,31.94431264829384,4,"seg_02, seg_04, seg_06, seg_12",interpolated,10,True,,,
fastf1_2026_belgian_grand_prix,Circuit de Spa-Francorchamps,Cadillac,Slow corners,2.772,31.94431264829384,4,"seg_02, seg_04, seg_06, seg_12",interpolated,10,True,,,
fastf1_2026_belgian_grand_prix,Circuit de Spa-Francorchamps,Ferrari,Slow corners,-0.609,31.94431264829384,4,"seg_02, seg_04, seg_06, seg_12",interpolated,10,True,,,
fastf1_2026_belgian_grand_prix,Circuit de Spa-Francorchamps,Haas F1 Team,Slow corners,1.517,31.94431264829384,4,"seg_02, seg_04, seg_06, seg_12",interpolated,10,True,,,
fastf1_2026_belgian_grand_prix,Circuit de Spa-Francorchamps,McLaren,Slow corners,0.944,31.94431264829384,4,"seg_02, seg_04, seg_06, seg_12",interpolated,10,True,,,
fastf1_2026_belgian_grand_prix,Circuit de Spa-Francorchamps,Mercedes,Slow corners,0.0,31.94431264829384,4,"seg_02, seg_04, seg_06, seg_12",interpolated,10,True,,,
fastf1_2026_belgian_grand_prix,Circuit de Spa-Francorchamps,Racing Bulls,Slow corners,3.087,31.94431264829384,4,"seg_02, seg_04, seg_06, seg_12",interpolated,10,True,,,
fastf1_2026_belgian_grand_prix,Circuit de Spa-Francorchamps,Red Bull Racing,Slow corners,-0.071,31.94431264829384,4,"seg_02, seg_04, seg_06, seg_12",interpolated,10,True,,,
fastf1_2026_belgian_grand_prix,Circuit de Spa-Francorchamps,Williams,Slow corners,2.67,31.94431264829384,4,"seg_02, seg_04, seg_06, seg_12",interpolated,10,True,,,
fastf1_2026_belgian_grand_prix,Circuit de Spa-Francorchamps,Alpine,Fast corners,1.556,23.713382977871,3,"seg_08, seg_10, seg_13",interpolated,10,True,,,
fastf1_2026_belgian_grand_prix,Circuit de Spa-Francorchamps,Aston Martin,Fast corners,3.895,23.713382977871,3,"seg_08, seg_10, seg_13",interpolated,10,True,,,
fastf1_2026_belgian_grand_prix,Circuit de Spa-Francorchamps,Audi,Fast corners,1.447,23.713382977871,3,"seg_08, seg_10, seg_13",interpolated,10,True,,,
fastf1_2026_belgian_grand_prix,Circuit de Spa-Francorchamps,Cadillac,Fast corners,4.489,23.713382977871,3,"seg_08, seg_10, seg_13",interpolated,10,True,,,
fastf1_2026_belgian_grand_prix,Circuit de Spa-Francorchamps,Ferrari,Fast corners,-0.312,23.713382977871,3,"seg_08, seg_10, seg_13",interpolated,10,True,,,
fastf1_2026_belgian_grand_prix,Circuit de Spa-Francorchamps,Haas F1 Team,Fast corners,2.481,23.713382977871,3,"seg_08, seg_10, seg_13",interpolated,10,True,,,
fastf1_2026_belgian_grand_prix,Circuit de Spa-Francorchamps,McLaren,Fast corners,0.058,23.713382977871,3,"seg_08, seg_10, seg_13",interpolated,10,True,,,
fastf1_2026_belgian_grand_prix,Circuit de Spa-Francorchamps,Mercedes,Fast corners,0.0,23.713382977871,3,"seg_08, seg_10, seg_13",interpolated,10,True,,,
fastf1_2026_belgian_grand_prix,Circuit de Spa-Francorchamps,Racing Bulls,Fast corners,2.204,23.713382977871,3,"seg_08, seg_10, seg_13",interpolated,10,True,,,
fastf1_2026_belgian_grand_prix,Circuit de Spa-Francorchamps,Red Bull Racing,Fast corners,0.535,23.713382977871,3,"seg_08, seg_10, seg_13",interpolated,10,True,,,
fastf1_2026_belgian_grand_prix,Circuit de Spa-Francorchamps,Williams,Fast corners,3.35,23.713382977871,3,"seg_08, seg_10, seg_13",interpolated,10,True,,,
fastf1_2026_belgian_grand_prix,Circuit de Spa-Francorchamps,Alpine,Straights,1.216,53.440304373835154,6,"seg_01, seg_03, seg_05, seg_07, seg_09, seg_11",interpolated,10,True,,,
fastf1_2026_belgian_grand_prix,Circuit de Spa-Francorchamps,Aston Martin,Straights,4.887,53.440304373835154,6,"seg_01, seg_03, seg_05, seg_07, seg_09, seg_11",interpolated,10,True,,,
fastf1_2026_belgian_grand_prix,Circuit de Spa-Francorchamps,Audi,Straights,1.4,53.440304373835154,6,"seg_01, seg_03, seg_05, seg_07, seg_09, seg_11",interpolated,10,True,,,
fastf1_2026_belgian_grand_prix,Circuit de Spa-Francorchamps,Cadillac,Straights,3.127,53.440304373835154,6,"seg_01, seg_03, seg_05, seg_07, seg_09, seg_11",interpolated,10,True,,,
fastf1_2026_belgian_grand_prix,Circuit de Spa-Francorchamps,Ferrari,Straights,0.637,53.440304373835154,6,"seg_01, seg_03, seg_05, seg_07, seg_09, seg_11",interpolated,10,True,,,
fastf1_2026_belgian_grand_prix,Circuit de Spa-Francorchamps,Haas F1 Team,Straights,2.208,53.440304373835154,6,"seg_01, seg_03, seg_05, seg_07, seg_09, seg_11",interpolated,10,True,,,
fastf1_2026_belgian_grand_prix,Circuit de Spa-Francorchamps,McLaren,Straights,-0.062,53.440304373835154,6,"seg_01, seg_03, seg_05, seg_07, seg_09, seg_11",interpolated,10,True,,,
fastf1_2026_belgian_grand_prix,Circuit de Spa-Francorchamps,Mercedes,Straights,0.0,53.440304373835154,6,"seg_01, seg_03, seg_05, seg_07, seg_09, seg_11",interpolated,10,True,,,
fastf1_2026_belgian_grand_prix,Circuit de Spa-Francorchamps,Racing Bulls,Straights,0.274,53.440304373835154,6,"seg_01, seg_03, seg_05, seg_07, seg_09, seg_11",interpolated,10,True,,,
fastf1_2026_belgian_grand_prix,Circuit de Spa-Francorchamps,Red Bull Racing,Straights,0.284,53.440304373835154,6,"seg_01, seg_03, seg_05, seg_07, seg_09, seg_11",interpolated,10,True,,,
fastf1_2026_belgian_grand_prix,Circuit de Spa-Francorchamps,Williams,Straights,1.834,53.440304373835154,6,"seg_01, seg_03, seg_05, seg_07, seg_09, seg_11",interpolated,10,True,,,
fastf1_2026_hungarian_grand_prix_qualifying,Hungaroring,Alpine,Slow corners,2.31,42.997975379589136,4,"seg_02, seg_04, seg_07, seg_10",interpolated,11,True,,,
fastf1_2026_hungarian_grand_prix_qualifying,Hungaroring,Aston Martin,Slow corners,3.297,42.997975379589136,4,"seg_02, seg_04, seg_07, seg_10",interpolated,11,True,,,
fastf1_2026_hungarian_grand_prix_qualifying,Hungaroring,Audi,Slow corners,1.864,42.997975379589136,4,"seg_02, seg_04, seg_07, seg_10",interpolated,11,True,,,
fastf1_2026_hungarian_grand_prix_qualifying,Hungaroring,Cadillac,Slow corners,5.608,42.997975379589136,4,"seg_02, seg_04, seg_07, seg_10",interpolated,11,True,,,
fastf1_2026_hungarian_grand_prix_qualifying,Hungaroring,Ferrari,Slow corners,-0.703,42.997975379589136,4,"seg_02, seg_04, seg_07, seg_10",interpolated,11,True,,,
fastf1_2026_hungarian_grand_prix_qualifying,Hungaroring,Haas F1 Team,Slow corners,3.457,42.997975379589136,4,"seg_02, seg_04, seg_07, seg_10",interpolated,11,True,,,
fastf1_2026_hungarian_grand_prix_qualifying,Hungaroring,McLaren,Slow corners,-0.08,42.997975379589136,4,"seg_02, seg_04, seg_07, seg_10",interpolated,11,True,,,
fastf1_2026_hungarian_grand_prix_qualifying,Hungaroring,Mercedes,Slow corners,0.0,42.997975379589136,4,"seg_02, seg_04, seg_07, seg_10",interpolated,11,True,,,
fastf1_2026_hungarian_grand_prix_qualifying,Hungaroring,Racing Bulls,Slow corners,1.17,42.997975379589136,4,"seg_02, seg_04, seg_07, seg_10",interpolated,11,True,,,
fastf1_2026_hungarian_grand_prix_qualifying,Hungaroring,Red Bull Racing,Slow corners,0.218,42.997975379589136,4,"seg_02, seg_04, seg_07, seg_10",interpolated,11,True,,,
fastf1_2026_hungarian_grand_prix_qualifying,Hungaroring,Williams,Slow corners,5.0,42.997975379589136,4,"seg_02, seg_04, seg_07, seg_10",interpolated,11,True,,,
fastf1_2026_hungarian_grand_prix_qualifying,Hungaroring,Alpine,Fast corners,2.544,14.5392756564006,2,"seg_06, seg_08",interpolated,11,True,,,
fastf1_2026_hungarian_grand_prix_qualifying,Hungaroring,Aston Martin,Fast corners,3.367,14.5392756564006,2,"seg_06, seg_08",interpolated,11,True,,,
fastf1_2026_hungarian_grand_prix_qualifying,Hungaroring,Audi,Fast corners,1.656,14.5392756564006,2,"seg_06, seg_08",interpolated,11,True,,,
fastf1_2026_hungarian_grand_prix_qualifying,Hungaroring,Cadillac,Fast corners,5.681,14.5392756564006,2,"seg_06, seg_08",interpolated,11,True,,,
fastf1_2026_hungarian_grand_prix_qualifying,Hungaroring,Ferrari,Fast corners,-0.524,14.5392756564006,2,"seg_06, seg_08",interpolated,11,True,,,
fastf1_2026_hungarian_grand_prix_qualifying,Hungaroring,Haas F1 Team,Fast corners,3.134,14.5392756564006,2,"seg_06, seg_08",interpolated,11,True,,,
fastf1_2026_hungarian_grand_prix_qualifying,Hungaroring,McLaren,Fast corners,-0.653,14.5392756564006,2,"seg_06, seg_08",interpolated,11,True,,,
fastf1_2026_hungarian_grand_prix_qualifying,Hungaroring,Mercedes,Fast corners,0.0,14.5392756564006,2,"seg_06, seg_08",interpolated,11,True,,,
fastf1_2026_hungarian_grand_prix_qualifying,Hungaroring,Racing Bulls,Fast corners,0.886,14.5392756564006,2,"seg_06, seg_08",interpolated,11,True,,,
fastf1_2026_hungarian_grand_prix_qualifying,Hungaroring,Red Bull Racing,Fast corners,-0.389,14.5392756564006,2,"seg_06, seg_08",interpolated,11,True,,,
fastf1_2026_hungarian_grand_prix_qualifying,Hungaroring,Williams,Fast corners,3.628,14.5392756564006,2,"seg_06, seg_08",interpolated,11,True,,,
fastf1_2026_hungarian_grand_prix_qualifying,Hungaroring,Alpine,Straights,0.627,20.08224896401027,5,"seg_01, seg_03, seg_05, seg_09, seg_11",interpolated,11,True,,,
fastf1_2026_hungarian_grand_prix_qualifying,Hungaroring,Aston Martin,Straights,3.71,20.08224896401027,5,"seg_01, seg_03, seg_05, seg_09, seg_11",interpolated,11,True,,,
fastf1_2026_hungarian_grand_prix_qualifying,Hungaroring,Audi,Straights,0.589,20.08224896401027,5,"seg_01, seg_03, seg_05, seg_09, seg_11",interpolated,11,True,,,
fastf1_2026_hungarian_grand_prix_qualifying,Hungaroring,Cadillac,Straights,1.862,20.08224896401027,5,"seg_01, seg_03, seg_05, seg_09, seg_11",interpolated,11,True,,,
fastf1_2026_hungarian_grand_prix_qualifying,Hungaroring,Ferrari,Straights,0.086,20.08224896401027,5,"seg_01, seg_03, seg_05, seg_09, seg_11",interpolated,11,True,,,
fastf1_2026_hungarian_grand_prix_qualifying,Hungaroring,Haas F1 Team,Straights,1.775,20.08224896401027,5,"seg_01, seg_03, seg_05, seg_09, seg_11",interpolated,11,True,,,
fastf1_2026_hungarian_grand_prix_qualifying,Hungaroring,McLaren,Straights,0.486,20.08224896401027,5,"seg_01, seg_03, seg_05, seg_09, seg_11",interpolated,11,True,,,
fastf1_2026_hungarian_grand_prix_qualifying,Hungaroring,Mercedes,Straights,0.0,20.08224896401027,5,"seg_01, seg_03, seg_05, seg_09, seg_11",interpolated,11,True,,,
fastf1_2026_hungarian_grand_prix_qualifying,Hungaroring,Racing Bulls,Straights,1.313,20.08224896401027,5,"seg_01, seg_03, seg_05, seg_09, seg_11",interpolated,11,True,,,
fastf1_2026_hungarian_grand_prix_qualifying,Hungaroring,Red Bull Racing,Straights,0.575,20.08224896401027,5,"seg_01, seg_03, seg_05, seg_09, seg_11",interpolated,11,True,,,
fastf1_2026_hungarian_grand_prix_qualifying,Hungaroring,Williams,Straights,1.63,20.08224896401027,5,"seg_01, seg_03, seg_05, seg_09, seg_11",interpolated,11,True,,,
fastf1_2026_dutch_grand_prix_qualifying,Circuit Zandvoort,Alpine,Slow corners,2.775,28.950740531457285,4,"seg_02, seg_04, seg_07, seg_09",interpolated,12,True,,,
fastf1_2026_dutch_grand_prix_qualifying,Circuit Zandvoort,Aston Martin,Slow corners,2.844,28.950740531457285,4,"seg_02, seg_04, seg_07, seg_09",interpolated,12,True,,,
fastf1_2026_dutch_grand_prix_qualifying,Circuit Zandvoort,Audi,Slow corners,1.579,28.950740531457285,4,"seg_02, seg_04, seg_07, seg_09",interpolated,12,True,,,
fastf1_2026_dutch_grand_prix_qualifying,Circuit Zandvoort,Cadillac,Slow corners,5.605,28.950740531457285,4,"seg_02, seg_04, seg_07, seg_09",interpolated,12,True,,,
fastf1_2026_dutch_grand_prix_qualifying,Circuit Zandvoort,Ferrari,Slow corners,-0.673,28.950740531457285,4,"seg_02, seg_04, seg_07, seg_09",interpolated,12,True,,,
fastf1_2026_dutch_grand_prix_qualifying,Circuit Zandvoort,Haas F1 Team,Slow corners,3.864,28.950740531457285,4,"seg_02, seg_04, seg_07, seg_09",interpolated,12,True,,,
fastf1_2026_dutch_grand_prix_qualifying,Circuit Zandvoort,McLaren,Slow corners,-0.351,28.950740531457285,4,"seg_02, seg_04, seg_07, seg_09",interpolated,12,True,,,
fastf1_2026_dutch_grand_prix_qualifying,Circuit Zandvoort,Mercedes,Slow corners,0.0,28.950740531457285,4,"seg_02, seg_04, seg_07, seg_09",interpolated,12,True,,,
fastf1_2026_dutch_grand_prix_qualifying,Circuit Zandvoort,Racing Bulls,Slow corners,1.762,28.950740531457285,4,"seg_02, seg_04, seg_07, seg_09",interpolated,12,True,,,
fastf1_2026_dutch_grand_prix_qualifying,Circuit Zandvoort,Red Bull Racing,Slow corners,0.299,28.950740531457285,4,"seg_02, seg_04, seg_07, seg_09",interpolated,12,True,,,
fastf1_2026_dutch_grand_prix_qualifying,Circuit Zandvoort,Alpine,Fast corners,3.01,19.874089960305714,3,"seg_03, seg_06, seg_11",interpolated,12,True,,,
fastf1_2026_dutch_grand_prix_qualifying,Circuit Zandvoort,Aston Martin,Fast corners,4.047,19.874089960305714,3,"seg_03, seg_06, seg_11",interpolated,12,True,,,
fastf1_2026_dutch_grand_prix_qualifying,Circuit Zandvoort,Audi,Fast corners,2.127,19.874089960305714,3,"seg_03, seg_06, seg_11",interpolated,12,True,,,
fastf1_2026_dutch_grand_prix_qualifying,Circuit Zandvoort,Cadillac,Fast corners,6.061,19.874089960305714,3,"seg_03, seg_06, seg_11",interpolated,12,True,,,
fastf1_2026_dutch_grand_prix_qualifying,Circuit Zandvoort,Ferrari,Fast corners,0.498,19.874089960305714,3,"seg_03, seg_06, seg_11",interpolated,12,True,,,
fastf1_2026_dutch_grand_prix_qualifying,Circuit Zandvoort,Haas F1 Team,Fast corners,3.531,19.874089960305714,3,"seg_03, seg_06, seg_11",interpolated,12,True,,,
fastf1_2026_dutch_grand_prix_qualifying,Circuit Zandvoort,McLaren,Fast corners,-0.52,19.874089960305714,3,"seg_03, seg_06, seg_11",interpolated,12,True,,,
fastf1_2026_dutch_grand_prix_qualifying,Circuit Zandvoort,Mercedes,Fast corners,0.0,19.874089960305714,3,"seg_03, seg_06, seg_11",interpolated,12,True,,,
fastf1_2026_dutch_grand_prix_qualifying,Circuit Zandvoort,Racing Bulls,Fast corners,2.437,19.874089960305714,3,"seg_03, seg_06, seg_11",interpolated,12,True,,,
fastf1_2026_dutch_grand_prix_qualifying,Circuit Zandvoort,Red Bull Racing,Fast corners,0.978,19.874089960305714,3,"seg_03, seg_06, seg_11",interpolated,12,True,,,
fastf1_2026_dutch_grand_prix_qualifying,Circuit Zandvoort,Alpine,Straights,0.228,22.455669508237,5,"seg_01, seg_05, seg_08, seg_10, seg_12",interpolated,12,True,,,
fastf1_2026_dutch_grand_prix_qualifying,Circuit Zandvoort,Aston Martin,Straights,3.314,22.455669508237,5,"seg_01, seg_05, seg_08, seg_10, seg_12",interpolated,12,True,,,
fastf1_2026_dutch_grand_prix_qualifying,Circuit Zandvoort,Audi,Straights,1.117,22.455669508237,5,"seg_01, seg_05, seg_08, seg_10, seg_12",interpolated,12,True,,,
fastf1_2026_dutch_grand_prix_qualifying,Circuit Zandvoort,Cadillac,Straights,1.592,22.455669508237,5,"seg_01, seg_05, seg_08, seg_10, seg_12",interpolated,12,True,,,
fastf1_2026_dutch_grand_prix_qualifying,Circuit Zandvoort,Ferrari,Straights,1.375,22.455669508237,5,"seg_01, seg_05, seg_08, seg_10, seg_12",interpolated,12,True,,,
fastf1_2026_dutch_grand_prix_qualifying,Circuit Zandvoort,Haas F1 Team,Straights,1.451,22.455669508237,5,"seg_01, seg_05, seg_08, seg_10, seg_12",interpolated,12,True,,,
fastf1_2026_dutch_grand_prix_qualifying,Circuit Zandvoort,McLaren,Straights,0.611,22.455669508237,5,"seg_01, seg_05, seg_08, seg_10, seg_12",interpolated,12,True,,,
fastf1_2026_dutch_grand_prix_qualifying,Circuit Zandvoort,Mercedes,Straights,0.0,22.455669508237,5,"seg_01, seg_05, seg_08, seg_10, seg_12",interpolated,12,True,,,
fastf1_2026_dutch_grand_prix_qualifying,Circuit Zandvoort,Racing Bulls,Straights,0.461,22.455669508237,5,"seg_01, seg_05, seg_08, seg_10, seg_12",interpolated,12,True,,,
fastf1_2026_dutch_grand_prix_qualifying,Circuit Zandvoort,Red Bull Racing,Straights,-0.161,22.455669508237,5,"seg_01, seg_05, seg_08, seg_10, seg_12",interpolated,12,True,,,
fastf1_2026_italian_grand_prix_qualifying,Autodromo Nazionale Monza,Alpine,Slow corners,1.207,23.643306999535913,3,"seg_02, seg_04, seg_07",interpolated,13,True,,,
fastf1_2026_italian_grand_prix_qualifying,Autodromo Nazionale Monza,Aston Martin,Slow corners,2.143,23.643306999535913,3,"seg_02, seg_04, seg_07",interpolated,13,True,,,
fastf1_2026_italian_grand_prix_qualifying,Autodromo Nazionale Monza,Audi,Slow corners,0.623,23.643306999535913,3,"seg_02, seg_04, seg_07",interpolated,13,True,,,
fastf1_2026_italian_grand_prix_qualifying,Autodromo Nazionale Monza,Cadillac,Slow corners,3.407,23.643306999535913,3,"seg_02, seg_04, seg_07",interpolated,13,True,,,
fastf1_2026_italian_grand_prix_qualifying,Autodromo Nazionale Monza,Ferrari,Slow corners,-1.455,23.643306999535913,3,"seg_02, seg_04, seg_07",interpolated,13,True,,,
fastf1_2026_italian_grand_prix_qualifying,Autodromo Nazionale Monza,Haas F1 Team,Slow corners,1.041,23.643306999535913,3,"seg_02, seg_04, seg_07",interpolated,13,True,,,
fastf1_2026_italian_grand_prix_qualifying,Autodromo Nazionale Monza,McLaren,Slow corners,0.456,23.643306999535913,3,"seg_02, seg_04, seg_07",interpolated,13,True,,,
fastf1_2026_italian_grand_prix_qualifying,Autodromo Nazionale Monza,Mercedes,Slow corners,0.0,23.643306999535913,3,"seg_02, seg_04, seg_07",interpolated,13,True,,,
fastf1_2026_italian_grand_prix_qualifying,Autodromo Nazionale Monza,Racing Bulls,Slow corners,1.32,23.643306999535913,3,"seg_02, seg_04, seg_07",interpolated,13,True,,,
fastf1_2026_italian_grand_prix_qualifying,Autodromo Nazionale Monza,Red Bull Racing,Slow corners,0.604,23.643306999535913,3,"seg_02, seg_04, seg_07",interpolated,13,True,,,
fastf1_2026_italian_grand_prix_qualifying,Autodromo Nazionale Monza,Williams,Slow corners,3.838,23.643306999535913,3,"seg_02, seg_04, seg_07",interpolated,13,True,,,
fastf1_2026_italian_grand_prix_qualifying,Autodromo Nazionale Monza,Alpine,Fast corners,0.298,18.146741981949397,2,"seg_05, seg_09",interpolated,13,True,,,
fastf1_2026_italian_grand_prix_qualifying,Autodromo Nazionale Monza,Aston Martin,Fast corners,3.475,18.146741981949397,2,"seg_05, seg_09",interpolated,13,True,,,
fastf1_2026_italian_grand_prix_qualifying,Autodromo Nazionale Monza,Audi,Fast corners,0.364,18.146741981949397,2,"seg_05, seg_09",interpolated,13,True,,,
fastf1_2026_italian_grand_prix_qualifying,Autodromo Nazionale Monza,Cadillac,Fast corners,3.591,18.146741981949397,2,"seg_05, seg_09",interpolated,13,True,,,
fastf1_2026_italian_grand_prix_qualifying,Autodromo Nazionale Monza,Ferrari,Fast corners,-0.214,18.146741981949397,2,"seg_05, seg_09",interpolated,13,True,,,
fastf1_2026_italian_grand_prix_qualifying,Autodromo Nazionale Monza,Haas F1 Team,Fast corners,1.526,18.146741981949397,2,"seg_05, seg_09",interpolated,13,True,,,
fastf1_2026_italian_grand_prix_qualifying,Autodromo Nazionale Monza,McLaren,Fast corners,0.236,18.146741981949397,2,"seg_05, seg_09",interpolated,13,True,,,
fastf1_2026_italian_grand_prix_qualifying,Autodromo Nazionale Monza,Mercedes,Fast corners,0.0,18.146741981949397,2,"seg_05, seg_09",interpolated,13,True,,,
fastf1_2026_italian_grand_prix_qualifying,Autodromo Nazionale Monza,Racing Bulls,Fast corners,0.942,18.146741981949397,2,"seg_05, seg_09",interpolated,13,True,,,
fastf1_2026_italian_grand_prix_qualifying,Autodromo Nazionale Monza,Red Bull Racing,Fast corners,0.936,18.146741981949397,2,"seg_05, seg_09",interpolated,13,True,,,
fastf1_2026_italian_grand_prix_qualifying,Autodromo Nazionale Monza,Williams,Fast corners,5.277,18.146741981949397,2,"seg_05, seg_09",interpolated,13,True,,,
fastf1_2026_italian_grand_prix_qualifying,Autodromo Nazionale Monza,Alpine,Straights,0.242,39.766583944075535,5,"seg_01, seg_03, seg_06, seg_08, seg_10",interpolated,13,True,,,
fastf1_2026_italian_grand_prix_qualifying,Autodromo Nazionale Monza,Aston Martin,Straights,5.66,39.766583944075535,5,"seg_01, seg_03, seg_06, seg_08, seg_10",interpolated,13,True,,,
fastf1_2026_italian_grand_prix_qualifying,Autodromo Nazionale Monza,Audi,Straights,1.224,39.766583944075535,5,"seg_01, seg_03, seg_06, seg_08, seg_10",interpolated,13,True,,,
fastf1_2026_italian_grand_prix_qualifying,Autodromo Nazionale Monza,Cadillac,Straights,2.806,39.766583944075535,5,"seg_01, seg_03, seg_06, seg_08, seg_10",interpolated,13,True,,,
fastf1_2026_italian_grand_prix_qualifying,Autodromo Nazionale Monza,Ferrari,Straights,1.032,39.766583944075535,5,"seg_01, seg_03, seg_06, seg_08, seg_10",interpolated,13,True,,,
fastf1_2026_italian_grand_prix_qualifying,Autodromo Nazionale Monza,Haas F1 Team,Straights,1.824,39.766583944075535,5,"seg_01, seg_03, seg_06, seg_08, seg_10",interpolated,13,True,,,
fastf1_2026_italian_grand_prix_qualifying,Autodromo Nazionale Monza,McLaren,Straights,0.351,39.766583944075535,5,"seg_01, seg_03, seg_06, seg_08, seg_10",interpolated,13,True,,,
fastf1_2026_italian_grand_prix_qualifying,Autodromo Nazionale Monza,Mercedes,Straights,0.0,39.766583944075535,5,"seg_01, seg_03, seg_06, seg_08, seg_10",interpolated,13,True,,,
fastf1_2026_italian_grand_prix_qualifying,Autodromo Nazionale Monza,Racing Bulls,Straights,1.84,39.766583944075535,5,"seg_01, seg_03, seg_06, seg_08, seg_10",interpolated,13,True,,,
fastf1_2026_italian_grand_prix_qualifying,Autodromo Nazionale Monza,Red Bull Racing,Straights,0.855,39.766583944075535,5,"seg_01, seg_03, seg_06, seg_08, seg_10",interpolated,13,True,,,
fastf1_2026_italian_grand_prix_qualifying,Autodromo Nazionale Monza,Williams,Straights,1.307,39.766583944075535,5,"seg_01, seg_03, seg_06, seg_08, seg_10",interpolated,13,True,,,
fastf1_2026_madrid_grand_prix_qualifying,Madring,Alpine,Slow corners,1.91,33.55875259472077,7,"seg_02, seg_05, seg_07, seg_10, seg_12, seg_14, seg_16",interpolated,14,True,,,
fastf1_2026_madrid_grand_prix_qualifying,Madring,Aston Martin,Slow corners,4.316,33.55875259472077,7,"seg_02, seg_05, seg_07, seg_10, seg_12, seg_14, seg_16",interpolated,14,True,,,
fastf1_2026_madrid_grand_prix_qualifying,Madring,Audi,Slow corners,1.74,33.55875259472077,7,"seg_02, seg_05, seg_07, seg_10, seg_12, seg_14, seg_16",interpolated,14,True,,,
fastf1_2026_madrid_grand_prix_qualifying,Madring,Cadillac,Slow corners,6.488,33.55875259472077,7,"seg_02, seg_05, seg_07, seg_10, seg_12, seg_14, seg_16",interpolated,14,True,,,
fastf1_2026_madrid_grand_prix_qualifying,Madring,Ferrari,Slow corners,-0.18,33.55875259472077,7,"seg_02, seg_05, seg_07, seg_10, seg_12, seg_14, seg_16",interpolated,14,True,,,
fastf1_2026_madrid_grand_prix_qualifying,Madring,Haas F1 Team,Slow corners,2.522,33.55875259472077,7,"seg_02, seg_05, seg_07, seg_10, seg_12, seg_14, seg_16",interpolated,14,True,,,
fastf1_2026_madrid_grand_prix_qualifying,Madring,McLaren,Slow corners,-0.397,33.55875259472077,7,"seg_02, seg_05, seg_07, seg_10, seg_12, seg_14, seg_16",interpolated,14,True,,,
fastf1_2026_madrid_grand_prix_qualifying,Madring,Mercedes,Slow corners,0.0,33.55875259472077,7,"seg_02, seg_05, seg_07, seg_10, seg_12, seg_14, seg_16",interpolated,14,True,,,
fastf1_2026_madrid_grand_prix_qualifying,Madring,Racing Bulls,Slow corners,2.551,33.55875259472077,7,"seg_02, seg_05, seg_07, seg_10, seg_12, seg_14, seg_16",interpolated,14,True,,,
fastf1_2026_madrid_grand_prix_qualifying,Madring,Red Bull Racing,Slow corners,0.236,33.55875259472077,7,"seg_02, seg_05, seg_07, seg_10, seg_12, seg_14, seg_16",interpolated,14,True,,,
fastf1_2026_madrid_grand_prix_qualifying,Madring,Williams,Slow corners,4.739,33.55875259472077,7,"seg_02, seg_05, seg_07, seg_10, seg_12, seg_14, seg_16",interpolated,14,True,,,
fastf1_2026_madrid_grand_prix_qualifying,Madring,Alpine,Fast corners,1.701,37.86979349727479,6,"seg_03, seg_06, seg_08, seg_11, seg_13, seg_15",interpolated,14,True,,,
fastf1_2026_madrid_grand_prix_qualifying,Madring,Aston Martin,Fast corners,3.982,37.86979349727479,6,"seg_03, seg_06, seg_08, seg_11, seg_13, seg_15",interpolated,14,True,,,
fastf1_2026_madrid_grand_prix_qualifying,Madring,Audi,Fast corners,1.925,37.86979349727479,6,"seg_03, seg_06, seg_08, seg_11, seg_13, seg_15",interpolated,14,True,,,
fastf1_2026_madrid_grand_prix_qualifying,Madring,Cadillac,Fast corners,5.725,37.86979349727479,6,"seg_03, seg_06, seg_08, seg_11, seg_13, seg_15",interpolated,14,True,,,
fastf1_2026_madrid_grand_prix_qualifying,Madring,Ferrari,Fast corners,0.571,37.86979349727479,6,"seg_03, seg_06, seg_08, seg_11, seg_13, seg_15",interpolated,14,True,,,
fastf1_2026_madrid_grand_prix_qualifying,Madring,Haas F1 Team,Fast corners,1.864,37.86979349727479,6,"seg_03, seg_06, seg_08, seg_11, seg_13, seg_15",interpolated,14,True,,,
fastf1_2026_madrid_grand_prix_qualifying,Madring,McLaren,Fast corners,0.509,37.86979349727479,6,"seg_03, seg_06, seg_08, seg_11, seg_13, seg_15",interpolated,14,True,,,
fastf1_2026_madrid_grand_prix_qualifying,Madring,Mercedes,Fast corners,0.0,37.86979349727479,6,"seg_03, seg_06, seg_08, seg_11, seg_13, seg_15",interpolated,14,True,,,
fastf1_2026_madrid_grand_prix_qualifying,Madring,Racing Bulls,Fast corners,1.099,37.86979349727479,6,"seg_03, seg_06, seg_08, seg_11, seg_13, seg_15",interpolated,14,True,,,
fastf1_2026_madrid_grand_prix_qualifying,Madring,Red Bull Racing,Fast corners,0.102,37.86979349727479,6,"seg_03, seg_06, seg_08, seg_11, seg_13, seg_15",interpolated,14,True,,,
fastf1_2026_madrid_grand_prix_qualifying,Madring,Williams,Fast corners,3.715,37.86979349727479,6,"seg_03, seg_06, seg_08, seg_11, seg_13, seg_15",interpolated,14,True,,,
fastf1_2026_madrid_grand_prix_qualifying,Madring,Alpine,Straights,0.032,19.95613117190206,3,"seg_01, seg_04, seg_09",interpolated,14,True,,,
fastf1_2026_madrid_grand_prix_qualifying,Madring,Aston Martin,Straights,2.032,19.95613117190206,3,"seg_01, seg_04, seg_09",interpolated,14,True,,,
fastf1_2026_madrid_grand_prix_qualifying,Madring,Audi,Straights,-0.63,19.95613117190206,3,"seg_01, seg_04, seg_09",interpolated,14,True,,,
fastf1_2026_madrid_grand_prix_qualifying,Madring,Cadillac,Straights,2.045,19.95613117190206,3,"seg_01, seg_04, seg_09",interpolated,14,True,,,
fastf1_2026_madrid_grand_prix_qualifying,Madring,Ferrari,Straights,-1.112,19.95613117190206,3,"seg_01, seg_04, seg_09",interpolated,14,True,,,
fastf1_2026_madrid_grand_prix_qualifying,Madring,Haas F1 Team,Straights,0.284,19.95613117190206,3,"seg_01, seg_04, seg_09",interpolated,14,True,,,
fastf1_2026_madrid_grand_prix_qualifying,Madring,McLaren,Straights,0.24,19.95613117190206,3,"seg_01, seg_04, seg_09",interpolated,14,True,,,
fastf1_2026_madrid_grand_prix_qualifying,Madring,Mercedes,Straights,0.0,19.95613117190206,3,"seg_01, seg_04, seg_09",interpolated,14,True,,,
fastf1_2026_madrid_grand_prix_qualifying,Madring,Racing Bulls,Straights,0.964,19.95613117190206,3,"seg_01, seg_04, seg_09",interpolated,14,True,,,
fastf1_2026_madrid_grand_prix_qualifying,Madring,Red Bull Racing,Straights,-0.212,19.95613117190206,3,"seg_01, seg_04, seg_09",interpolated,14,True,,,
fastf1_2026_madrid_grand_prix_qualifying,Madring,Williams,Straights,0.725,19.95613117190206,3,"seg_01, seg_04, seg_09",interpolated,14,True,,,
fastf1_2026_azerbaijan_grand_prix_qualifying,Baku City Circuit,Alpine,Slow corners,2.092,43.29289060190693,7,"seg_02, seg_04, seg_07, seg_09, seg_11, seg_15, seg_17",partial_interpolation_russell_only,15,True,qualifying,RUS,provisional_unresolved_baseline
fastf1_2026_azerbaijan_grand_prix_qualifying,Baku City Circuit,Aston Martin,Slow corners,4.441,43.29289060190693,7,"seg_02, seg_04, seg_07, seg_09, seg_11, seg_15, seg_17",partial_interpolation_russell_only,15,True,qualifying,RUS,provisional_unresolved_baseline
fastf1_2026_azerbaijan_grand_prix_qualifying,Baku City Circuit,Audi,Slow corners,2.795,43.29289060190693,7,"seg_02, seg_04, seg_07, seg_09, seg_11, seg_15, seg_17",partial_interpolation_russell_only,15,True,qualifying,RUS,provisional_unresolved_baseline
fastf1_2026_azerbaijan_grand_prix_qualifying,Baku City Circuit,Cadillac,Slow corners,6.466,43.29289060190693,7,"seg_02, seg_04, seg_07, seg_09, seg_11, seg_15, seg_17",partial_interpolation_russell_only,15,True,qualifying,RUS,provisional_unresolved_baseline
fastf1_2026_azerbaijan_grand_prix_qualifying,Baku City Circuit,Ferrari,Slow corners,0.481,43.29289060190693,7,"seg_02, seg_04, seg_07, seg_09, seg_11, seg_15, seg_17",partial_interpolation_russell_only,15,True,qualifying,RUS,provisional_unresolved_baseline
fastf1_2026_azerbaijan_grand_prix_qualifying,Baku City Circuit,Haas F1 Team,Slow corners,2.616,43.29289060190693,7,"seg_02, seg_04, seg_07, seg_09, seg_11, seg_15, seg_17",partial_interpolation_russell_only,15,True,qualifying,RUS,provisional_unresolved_baseline
fastf1_2026_azerbaijan_grand_prix_qualifying,Baku City Circuit,McLaren,Slow corners,1.023,43.29289060190693,7,"seg_02, seg_04, seg_07, seg_09, seg_11, seg_15, seg_17",partial_interpolation_russell_only,15,True,qualifying,RUS,provisional_unresolved_baseline
fastf1_2026_azerbaijan_grand_prix_qualifying,Baku City Circuit,Mercedes,Slow corners,0.0,43.29289060190693,7,"seg_02, seg_04, seg_07, seg_09, seg_11, seg_15, seg_17",partial_interpolation_russell_only,15,True,qualifying,RUS,provisional_unresolved_baseline
fastf1_2026_azerbaijan_grand_prix_qualifying,Baku City Circuit,Racing Bulls,Slow corners,2.696,43.29289060190693,7,"seg_02, seg_04, seg_07, seg_09, seg_11, seg_15, seg_17",partial_interpolation_russell_only,15,True,qualifying,RUS,provisional_unresolved_baseline
fastf1_2026_azerbaijan_grand_prix_qualifying,Baku City Circuit,Red Bull Racing,Slow corners,0.409,43.29289060190693,7,"seg_02, seg_04, seg_07, seg_09, seg_11, seg_15, seg_17",partial_interpolation_russell_only,15,True,qualifying,RUS,provisional_unresolved_baseline
fastf1_2026_azerbaijan_grand_prix_qualifying,Baku City Circuit,Williams,Slow corners,2.625,43.29289060190693,7,"seg_02, seg_04, seg_07, seg_09, seg_11, seg_15, seg_17",partial_interpolation_russell_only,15,True,qualifying,RUS,provisional_unresolved_baseline
fastf1_2026_azerbaijan_grand_prix_qualifying,Baku City Circuit,Alpine,Fast corners,1.482,24.341947047460692,8,"seg_03, seg_05, seg_08, seg_10, seg_12, seg_14, seg_16, seg_18",partial_interpolation_russell_only,15,True,qualifying,RUS,provisional_unresolved_baseline
fastf1_2026_azerbaijan_grand_prix_qualifying,Baku City Circuit,Aston Martin,Fast corners,3.693,24.341947047460692,8,"seg_03, seg_05, seg_08, seg_10, seg_12, seg_14, seg_16, seg_18",partial_interpolation_russell_only,15,True,qualifying,RUS,provisional_unresolved_baseline
fastf1_2026_azerbaijan_grand_prix_qualifying,Baku City Circuit,Audi,Fast corners,3.095,24.341947047460692,8,"seg_03, seg_05, seg_08, seg_10, seg_12, seg_14, seg_16, seg_18",partial_interpolation_russell_only,15,True,qualifying,RUS,provisional_unresolved_baseline
fastf1_2026_azerbaijan_grand_prix_qualifying,Baku City Circuit,Cadillac,Fast corners,3.701,24.341947047460692,8,"seg_03, seg_05, seg_08, seg_10, seg_12, seg_14, seg_16, seg_18",partial_interpolation_russell_only,15,True,qualifying,RUS,provisional_unresolved_baseline
fastf1_2026_azerbaijan_grand_prix_qualifying,Baku City Circuit,Ferrari,Fast corners,0.229,24.341947047460692,8,"seg_03, seg_05, seg_08, seg_10, seg_12, seg_14, seg_16, seg_18",partial_interpolation_russell_only,15,True,qualifying,RUS,provisional_unresolved_baseline
fastf1_2026_azerbaijan_grand_prix_qualifying,Baku City Circuit,Haas F1 Team,Fast corners,1.652,24.341947047460692,8,"seg_03, seg_05, seg_08, seg_10, seg_12, seg_14, seg_16, seg_18",partial_interpolation_russell_only,15,True,qualifying,RUS,provisional_unresolved_baseline
fastf1_2026_azerbaijan_grand_prix_qualifying,Baku City Circuit,McLaren,Fast corners,0.379,24.341947047460692,8,"seg_03, seg_05, seg_08, seg_10, seg_12, seg_14, seg_16, seg_18",partial_interpolation_russell_only,15,True,qualifying,RUS,provisional_unresolved_baseline
fastf1_2026_azerbaijan_grand_prix_qualifying,Baku City Circuit,Mercedes,Fast corners,0.0,24.341947047460692,8,"seg_03, seg_05, seg_08, seg_10, seg_12, seg_14, seg_16, seg_18",partial_interpolation_russell_only,15,True,qualifying,RUS,provisional_unresolved_baseline
fastf1_2026_azerbaijan_grand_prix_qualifying,Baku City Circuit,Racing Bulls,Fast corners,1.008,24.341947047460692,8,"seg_03, seg_05, seg_08, seg_10, seg_12, seg_14, seg_16, seg_18",partial_interpolation_russell_only,15,True,qualifying,RUS,provisional_unresolved_baseline
fastf1_2026_azerbaijan_grand_prix_qualifying,Baku City Circuit,Red Bull Racing,Fast corners,-0.049,24.341947047460692,8,"seg_03, seg_05, seg_08, seg_10, seg_12, seg_14, seg_16, seg_18",partial_interpolation_russell_only,15,True,qualifying,RUS,provisional_unresolved_baseline
fastf1_2026_azerbaijan_grand_prix_qualifying,Baku City Circuit,Williams,Fast corners,2.077,24.341947047460692,8,"seg_03, seg_05, seg_08, seg_10, seg_12, seg_14, seg_16, seg_18",partial_interpolation_russell_only,15,True,qualifying,RUS,provisional_unresolved_baseline
fastf1_2026_azerbaijan_grand_prix_qualifying,Baku City Circuit,Alpine,Straights,1.693,34.559261876781214,4,"seg_01, seg_06, seg_13, seg_19",partial_interpolation_russell_only,15,True,qualifying,RUS,provisional_unresolved_baseline
fastf1_2026_azerbaijan_grand_prix_qualifying,Baku City Circuit,Aston Martin,Straights,4.224,34.559261876781214,4,"seg_01, seg_06, seg_13, seg_19",partial_interpolation_russell_only,15,True,qualifying,RUS,provisional_unresolved_baseline
fastf1_2026_azerbaijan_grand_prix_qualifying,Baku City Circuit,Audi,Straights,2.887,34.559261876781214,4,"seg_01, seg_06, seg_13, seg_19",partial_interpolation_russell_only,15,True,qualifying,RUS,provisional_unresolved_baseline
fastf1_2026_azerbaijan_grand_prix_qualifying,Baku City Circuit,Cadillac,Straights,3.331,34.559261876781214,4,"seg_01, seg_06, seg_13, seg_19",partial_interpolation_russell_only,15,True,qualifying,RUS,provisional_unresolved_baseline
fastf1_2026_azerbaijan_grand_prix_qualifying,Baku City Circuit,Ferrari,Straights,1.487,34.559261876781214,4,"seg_01, seg_06, seg_13, seg_19",partial_interpolation_russell_only,15,True,qualifying,RUS,provisional_unresolved_baseline
fastf1_2026_azerbaijan_grand_prix_qualifying,Baku City Circuit,Haas F1 Team,Straights,2.204,34.559261876781214,4,"seg_01, seg_06, seg_13, seg_19",partial_interpolation_russell_only,15,True,qualifying,RUS,provisional_unresolved_baseline
fastf1_2026_azerbaijan_grand_prix_qualifying,Baku City Circuit,McLaren,Straights,1.208,34.559261876781214,4,"seg_01, seg_06, seg_13, seg_19",partial_interpolation_russell_only,15,True,qualifying,RUS,provisional_unresolved_baseline
fastf1_2026_azerbaijan_grand_prix_qualifying,Baku City Circuit,Mercedes,Straights,0.0,34.559261876781214,4,"seg_01, seg_06, seg_13, seg_19",partial_interpolation_russell_only,15,True,qualifying,RUS,provisional_unresolved_baseline
fastf1_2026_azerbaijan_grand_prix_qualifying,Baku City Circuit,Racing Bulls,Straights,2.912,34.559261876781214,4,"seg_01, seg_06, seg_13, seg_19",partial_interpolation_russell_only,15,True,qualifying,RUS,provisional_unresolved_baseline
fastf1_2026_azerbaijan_grand_prix_qualifying,Baku City Circuit,Red Bull Racing,Straights,2.261,34.559261876781214,4,"seg_01, seg_06, seg_13, seg_19",partial_interpolation_russell_only,15,True,qualifying,RUS,provisional_unresolved_baseline
fastf1_2026_azerbaijan_grand_prix_qualifying,Baku City Circuit,Williams,Straights,1.421,34.559261876781214,4,"seg_01, seg_06, seg_13, seg_19",partial_interpolation_russell_only,15,True,qualifying,RUS,provisional_unresolved_baseline
fastf1_2026_bahrain_grand_prix_qualifying,Sepang,Aston Martin,Slow corners,1.152,41.03852992452971,5,"seg_02, seg_04, seg_06, seg_08, seg_10",,16,,qualifying,,screened_fastest_laps_only
fastf1_2026_bahrain_grand_prix_qualifying,Sepang,Audi,Slow corners,2.013,41.03852992452971,5,"seg_02, seg_04, seg_06, seg_08, seg_10",,16,,qualifying,,screened_fastest_laps_only
fastf1_2026_bahrain_grand_prix_qualifying,Sepang,Cadillac,Slow corners,3.505,41.03852992452971,5,"seg_02, seg_04, seg_06, seg_08, seg_10",,16,,qualifying,,screened_fastest_laps_only
fastf1_2026_bahrain_grand_prix_qualifying,Sepang,Ferrari,Slow corners,-0.837,41.03852992452971,5,"seg_02, seg_04, seg_06, seg_08, seg_10",,16,,qualifying,,screened_fastest_laps_only
fastf1_2026_bahrain_grand_prix_qualifying,Sepang,Haas F1 Team,Slow corners,2.805,41.03852992452971,5,"seg_02, seg_04, seg_06, seg_08, seg_10",,16,,qualifying,,screened_fastest_laps_only
fastf1_2026_bahrain_grand_prix_qualifying,Sepang,McLaren,Slow corners,0.63,41.03852992452971,5,"seg_02, seg_04, seg_06, seg_08, seg_10",,16,,qualifying,,screened_fastest_laps_only
fastf1_2026_bahrain_grand_prix_qualifying,Sepang,Mercedes,Slow corners,0.0,41.03852992452971,5,"seg_02, seg_04, seg_06, seg_08, seg_10",,16,,qualifying,,screened_fastest_laps_only
fastf1_2026_bahrain_grand_prix_qualifying,Sepang,Racing Bulls,Slow corners,2.42,41.03852992452971,5,"seg_02, seg_04, seg_06, seg_08, seg_10",,16,,qualifying,,screened_fastest_laps_only
fastf1_2026_bahrain_grand_prix_qualifying,Sepang,Red Bull Racing,Slow corners,0.063,41.03852992452971,5,"seg_02, seg_04, seg_06, seg_08, seg_10",,16,,qualifying,,screened_fastest_laps_only
fastf1_2026_bahrain_grand_prix_qualifying,Sepang,Williams,Slow corners,2.82,41.03852992452971,5,"seg_02, seg_04, seg_06, seg_08, seg_10",,16,,qualifying,,screened_fastest_laps_only
fastf1_2026_bahrain_grand_prix_qualifying,Sepang,Aston Martin,Fast corners,3.628,24.850480890039684,2,"seg_05, seg_07",,16,,qualifying,,screened_fastest_laps_only
fastf1_2026_bahrain_grand_prix_qualifying,Sepang,Audi,Fast corners,2.702,24.850480890039684,2,"seg_05, seg_07",,16,,qualifying,,screened_fastest_laps_only
fastf1_2026_bahrain_grand_prix_qualifying,Sepang,Cadillac,Fast corners,5.008,24.850480890039684,2,"seg_05, seg_07",,16,,qualifying,,screened_fastest_laps_only
fastf1_2026_bahrain_grand_prix_qualifying,Sepang,Ferrari,Fast corners,0.531,24.850480890039684,2,"seg_05, seg_07",,16,,qualifying,,screened_fastest_laps_only
fastf1_2026_bahrain_grand_prix_qualifying,Sepang,Haas F1 Team,Fast corners,3.369,24.850480890039684,2,"seg_05, seg_07",,16,,qualifying,,screened_fastest_laps_only
fastf1_2026_bahrain_grand_prix_qualifying,Sepang,McLaren,Fast corners,-0.486,24.850480890039684,2,"seg_05, seg_07",,16,,qualifying,,screened_fastest_laps_only
fastf1_2026_bahrain_grand_prix_qualifying,Sepang,Mercedes,Fast corners,0.0,24.850480890039684,2,"seg_05, seg_07",,16,,qualifying,,screened_fastest_laps_only
fastf1_2026_bahrain_grand_prix_qualifying,Sepang,Racing Bulls,Fast corners,2.82,24.850480890039684,2,"seg_05, seg_07",,16,,qualifying,,screened_fastest_laps_only
fastf1_2026_bahrain_grand_prix_qualifying,Sepang,Red Bull Racing,Fast corners,-0.304,24.850480890039684,2,"seg_05, seg_07",,16,,qualifying,,screened_fastest_laps_only
fastf1_2026_bahrain_grand_prix_qualifying,Sepang,Williams,Fast corners,3.757,24.850480890039684,2,"seg_05, seg_07",,16,,qualifying,,screened_fastest_laps_only
fastf1_2026_bahrain_grand_prix_qualifying,Sepang,Aston Martin,Straights,0.888,29.8619891854306,4,"seg_01, seg_03, seg_09, seg_11",,16,,qualifying,,screened_fastest_laps_only
fastf1_2026_bahrain_grand_prix_qualifying,Sepang,Audi,Straights,0.735,29.8619891854306,4,"seg_01, seg_03, seg_09, seg_11",,16,,qualifying,,screened_fastest_laps_only
fastf1_2026_bahrain_grand_prix_qualifying,Sepang,Cadillac,Straights,0.834,29.8619891854306,4,"seg_01, seg_03, seg_09, seg_11",,16,,qualifying,,screened_fastest_laps_only
fastf1_2026_bahrain_grand_prix_qualifying,Sepang,Ferrari,Straights,0.001,29.8619891854306,4,"seg_01, seg_03, seg_09, seg_11",,16,,qualifying,,screened_fastest_laps_only
fastf1_2026_bahrain_grand_prix_qualifying,Sepang,Haas F1 Team,Straights,0.949,29.8619891854306,4,"seg_01, seg_03, seg_09, seg_11",,16,,qualifying,,screened_fastest_laps_only
fastf1_2026_bahrain_grand_prix_qualifying,Sepang,McLaren,Straights,0.169,29.8619891854306,4,"seg_01, seg_03, seg_09, seg_11",,16,,qualifying,,screened_fastest_laps_only
fastf1_2026_bahrain_grand_prix_qualifying,Sepang,Mercedes,Straights,0.0,29.8619891854306,4,"seg_01, seg_03, seg_09, seg_11",,16,,qualifying,,screened_fastest_laps_only
fastf1_2026_bahrain_grand_prix_qualifying,Sepang,Racing Bulls,Straights,0.43,29.8619891854306,4,"seg_01, seg_03, seg_09, seg_11",,16,,qualifying,,screened_fastest_laps_only
fastf1_2026_bahrain_grand_prix_qualifying,Sepang,Red Bull Racing,Straights,-1.12,29.8619891854306,4,"seg_01, seg_03, seg_09, seg_11",,16,,qualifying,,screened_fastest_laps_only
fastf1_2026_bahrain_grand_prix_qualifying,Sepang,Williams,Straights,-0.031,29.8619891854306,4,"seg_01, seg_03, seg_09, seg_11",,16,,qualifying,,screened_fastest_laps_only
