predicted_rank,driver,driver_name,driver_number,team,predicted_qualifying_seconds,team_baseline_seconds,projected_team_pace_pct_vs_mercedes,driver_offset_to_team_mean_seconds,paired_qualifying_samples,driver_offset_source_rounds,scenario,data_cutoff_utc,predicted_qualifying_time,gap_to_predicted_pole_seconds,target_event
1,ANT,Kimi Antonelli,12,Mercedes,92.52618323024603,92.60738515332295,0.0,-0.08120192307692234,13,"1,2,3,4,6,7,8,9,10,11,13,14,16",dry,2026-10-04T09:00:00+00:00,1:32.526,0.0,2026 Singapore Grand Prix
2,LEC,Charles Leclerc,16,Ferrari,92.61922425634496,92.64031669331975,0.035591590236509416,-0.021092436974789304,14,"1,2,3,4,6,7,8,9,10,11,13,14,15,16",dry,2026-10-04T09:00:00+00:00,1:32.619,0.0930410260989305,2026 Singapore Grand Prix
3,HAM,Lewis Hamilton,44,Ferrari,92.66140913029453,92.64031669331975,0.035591590236509416,0.021092436974789304,14,"1,2,3,4,6,7,8,9,10,11,13,14,15,16",dry,2026-10-04T09:00:00+00:00,1:32.661,0.13522590004849633,2026 Singapore Grand Prix
4,RUS,George Russell,63,Mercedes,92.68858707639987,92.60738515332295,0.0,0.08120192307692234,13,"1,2,3,4,6,7,8,9,10,11,13,14,16",dry,2026-10-04T09:00:00+00:00,1:32.689,0.16240384615383618,2026 Singapore Grand Prix
5,VER,Max Verstappen,3,Red Bull Racing,92.79731563140437,92.84665274574193,0.2585944692256203,-0.049337114337569044,12,"2,3,6,7,8,9,10,11,13,14,15,16",dry,2026-10-04T09:00:00+00:00,1:32.797,0.27113240115834003,2026 Singapore Grand Prix
6,HAD,Isack Hadjar,6,Red Bull Racing,92.89598986007951,92.84665274574193,0.2585944692256203,0.049337114337569044,10,"2,3,6,7,8,9,10,11,15,16",dry,2026-10-04T09:00:00+00:00,1:32.896,0.36980662983347656,2026 Singapore Grand Prix
7,NOR,Lando Norris,1,McLaren,92.96903526331799,92.99902265827598,0.42327208502533753,-0.029987394957982957,14,"1,2,3,4,6,7,8,9,10,11,13,14,15,16",dry,2026-10-04T09:00:00+00:00,1:32.969,0.44285203307195786,2026 Singapore Grand Prix
8,PIA,Oscar Piastri,81,McLaren,93.02901005323396,92.99902265827598,0.42327208502533753,0.029987394957982957,14,"1,2,3,4,6,7,8,9,10,11,13,14,15,16",dry,2026-10-04T09:00:00+00:00,1:33.029,0.5028268229879274,2026 Singapore Grand Prix
9,GAS,Pierre Gasly,10,Alpine,94.08131998363915,94.21953426935343,1.7423707103736672,-0.13821428571428535,14,"1,2,3,4,6,7,8,9,10,11,13,14,15,16",dry,2026-10-04T09:00:00+00:00,1:34.081,1.5551367533931142,2026 Singapore Grand Prix
10,BOR,Gabriel Bortoleto,5,Audi,94.18473642464762,94.19763558431148,1.7187031556584262,-0.012899159663864861,14,"1,2,3,4,6,7,8,9,10,11,13,14,15,16",dry,2026-10-04T09:00:00+00:00,1:34.185,1.6585531944015912,2026 Singapore Grand Prix
11,HUL,Nico Hulkenberg,27,Audi,94.21053474397536,94.19763558431148,1.7187031556584262,0.012899159663864861,14,"1,2,3,4,6,7,8,9,10,11,13,14,15,16",dry,2026-10-04T09:00:00+00:00,1:34.211,1.6843515137293252,2026 Singapore Grand Prix
12,LIN,Arvid Lindblad,41,Racing Bulls,94.26986787779536,94.2824372511969,1.810354690310388,-0.012569373401534134,14,"1,2,3,4,6,7,8,9,10,11,13,14,15,16",dry,2026-10-04T09:00:00+00:00,1:34.270,1.7436846475493297,2026 Singapore Grand Prix
13,LAW,Liam Lawson,30,Racing Bulls,94.29500662459843,94.2824372511969,1.810354690310388,0.012569373401534127,12,"1,2,3,4,6,7,8,9,10,11,15,16",dry,2026-10-04T09:00:00+00:00,1:34.295,1.7688233943523954,2026 Singapore Grand Prix
14,COL,Franco Colapinto,43,Alpine,94.35774855506772,94.21953426935343,1.7423707103736672,0.13821428571428535,14,"1,2,3,4,6,7,8,9,10,11,13,14,15,16",dry,2026-10-04T09:00:00+00:00,1:34.358,1.8315653248216819,2026 Singapore Grand Prix
15,BEA,Oliver Bearman,87,Haas F1 Team,94.61129803324059,94.7476075570501,2.313099199608537,-0.13630952380952407,13,"1,2,3,4,6,7,8,9,10,11,13,15,16",dry,2026-10-04T09:00:00+00:00,1:34.611,2.0851148029945534,2026 Singapore Grand Prix
16,SAI,Carlos Sainz,55,Williams,94.80006512777983,94.99573038201711,2.5812641841616886,-0.19566525423728864,13,"2,3,4,6,7,8,9,10,11,13,14,15,16",dry,2026-10-04T09:00:00+00:00,1:34.800,2.2738818975337978,2026 Singapore Grand Prix
17,OCO,Esteban Ocon,31,Haas F1 Team,94.88391708085963,94.7476075570501,2.313099199608537,0.13630952380952407,13,"1,2,3,4,6,7,8,9,10,11,13,15,16",dry,2026-10-04T09:00:00+00:00,1:34.884,2.3577338506135987,2026 Singapore Grand Prix
18,ALB,Alexander Albon,23,Williams,95.19139563625441,94.99573038201711,2.5812641841616886,0.19566525423728864,13,"2,3,4,6,7,8,9,10,11,13,14,15,16",dry,2026-10-04T09:00:00+00:00,1:35.191,2.6652124060083793,2026 Singapore Grand Prix
19,ALO,Fernando Alonso,14,Aston Martin,95.95180903920054,96.11381865458516,3.789666209981519,-0.1620096153846156,12,"2,3,4,6,7,8,9,10,11,13,15,16",dry,2026-10-04T09:00:00+00:00,1:35.952,3.425625808954507,2026 Singapore Grand Prix
20,STR,Lance Stroll,18,Aston Martin,96.27582826996978,96.11381865458516,3.789666209981519,0.1620096153846156,12,"2,3,4,6,7,8,9,10,11,13,15,16",dry,2026-10-04T09:00:00+00:00,1:36.276,3.7496450397237453,2026 Singapore Grand Prix
21,PER,Sergio Perez,11,Cadillac,96.31453998221251,96.48052317548982,4.185991345313348,-0.16598319327731137,14,"1,2,3,4,6,7,8,9,10,11,13,14,15,16",dry,2026-10-04T09:00:00+00:00,1:36.315,3.788356751966475,2026 Singapore Grand Prix
22,BOT,Valtteri Bottas,77,Cadillac,96.64650636876713,96.48052317548982,4.185991345313348,0.16598319327731137,14,"1,2,3,4,6,7,8,9,10,11,13,14,15,16",dry,2026-10-04T09:00:00+00:00,1:36.647,4.120323138521101,2026 Singapore Grand Prix
